{
  "evaluation_date": "2025-12-29T18:05:48.949656",
  "models": {
    "rf": {
      "r2_score": 0.8001096769307204,
      "rmse": 0.4794057618246611,
      "mae": 0.29547457334808797,
      "mape": 82.43343653297514
    },
    "xgb": {
      "r2_score": 0.8570485987182352,
      "rmse": 0.405416642683451,
      "mae": 0.23545404131002123,
      "mape": 65.80355575770682
    },
    "lstm": {
      "r2_score": 0.8057597310371469,
      "rmse": 0.4752855911886566,
      "mae": 0.3003724978829702,
      "mape": 90.12540137472182
    },
    "ensemble": {
      "r2_score": 0.8439309445240755,
      "rmse": 0.42360957244836134,
      "mae": 0.25492760979069756,
      "mape": 71.27468320381797
    }
  },
  "best_model": "xgb",
  "target_achieved": true
}