Model,R² Mean,R² Std,R² CI Lower,R² CI Upper,RMSE Mean,RMSE Std,MAE Mean,MAE Std,N Splits
RandomForest,0.856640678293474,0.05752813139292089,0.7852100686589483,0.9280712879279998,0.3382614599609589,0.0938821318459478,0.19219351353802255,0.05444126435992426,5
XGBoost,0.8395876248833994,0.060317635318499783,0.7646933886516343,0.9144818611151646,0.36164851981574603,0.1025763454113345,0.2053078523301727,0.05374556298285594,5
