{
  "training_start_time": "2025-12-29T23:48:59.416729",
  "data_shapes": {
    "train": [
      1122,
      88
    ],
    "val": [
      372,
      88
    ],
    "test": [
      378,
      88
    ]
  },
  "models": {
    "random_forest": {
      "train_metrics": {
        "rmse": 0.23663634625878663,
        "mae": 0.14194877909787929,
        "r2": 0.933731535500846,
        "mape": 199.87792948175957
      },
      "val_metrics": {
        "rmse": 0.5009215036156577,
        "mae": 0.30248980769986794,
        "r2": 0.8010083427850501,
        "mape": 123.56573224811436
      },
      "training_time": 0.4821655750274658,
      "n_estimators": 200,
      "n_features": 88,
      "test_metrics": {
        "rmse": 0.4787629572270996,
        "mae": 0.3150989399350398,
        "r2": 0.8022920508765502,
        "mape": 117.4758854553963
      }
    },
    "xgboost": {
      "train_metrics": {
        "rmse": 0.16417775826435882,
        "mae": 0.1123066081520742,
        "r2": 0.968101324666875,
        "mape": 132.44560592138984
      },
      "val_metrics": {
        "rmse": 0.429122807932439,
        "mae": 0.26923360521747536,
        "r2": 0.8539644086191287,
        "mape": 128.97128863456032
      },
      "training_time": 2.4344961643218994,
      "n_estimators": 500,
      "best_iteration": null,
      "n_features": 88,
      "test_metrics": {
        "rmse": 0.4417098498586726,
        "mae": 0.2934022871710102,
        "r2": 0.831710423675865,
        "mape": 122.11964426256694
      }
    },
    "lstm": {
      "train_metrics": {
        "rmse": 0.30145213121970393,
        "mae": 0.1917674747816801,
        "r2": 0.8926588187778114,
        "mape": 246.85379676195342
      },
      "val_metrics": {
        "rmse": 0.4680053387040072,
        "mae": 0.27984613815355985,
        "r2": 0.8277385443517906,
        "mape": 101.71313904163799
      },
      "training_time": 114.6850836277008,
      "epochs_trained": 88,
      "final_train_loss": 0.22581422328948975,
      "final_val_loss": 0.3306136429309845,
      "n_features": 88,
      "sequence_length": 6,
      "test_metrics": {
        "rmse": 0.44874653399968917,
        "mae": 0.2877923992482185,
        "r2": 0.8279355789965748,
        "mape": 88.3630673886701
      }
    },
    "ensemble": {
      "individual_results": {
        "rf": {
          "rmse": 0.4787629572270996,
          "mae": 0.3150989399350398,
          "r2": 0.8022920508765502,
          "mape": 117.4758854553963
        },
        "xgb": {
          "rmse": 0.4417098498586726,
          "mae": 0.2934022871710102,
          "r2": 0.831710423675865,
          "mape": 122.11964426256694
        },
        "lstm": {
          "rmse": 0.44874653399968917,
          "mae": 0.2877923992482185,
          "r2": 0.8279355789965748,
          "mape": 88.3630673886701
        },
        "ensemble": {
          "rmse": 0.41869400694281983,
          "mae": 0.28237231200264346,
          "r2": 0.8487913839495358,
          "mape": 108.17535777034999
        }
      },
      "ensemble_metrics": {
        "rmse": 0.41869400694281983,
        "mae": 0.28237231200264346,
        "r2": 0.8487913839495358,
        "mape": 108.17535777034999
      }
    }
  },
  "training_end_time": "2025-12-29T23:51:01.271736"
}