{
  "training_start_time": "2025-11-21T19:54:31.693087",
  "data_shapes": {
    "train": [
      50,
      640
    ],
    "val": [
      11,
      640
    ],
    "test": [
      11,
      640
    ]
  },
  "models": {
    "random_forest": {
      "train_metrics": {
        "rmse": 0.1593733563838005,
        "mae": 0.11753453362766525,
        "r2": 0.9747802948939139,
        "mape": 19.402516269528828
      },
      "val_metrics": {
        "rmse": 0.26059830719065863,
        "mae": 0.21884982969054342,
        "r2": 0.9132492178564162,
        "mape": 28.151420737088667
      },
      "training_time": 0.8057730197906494,
      "n_estimators": 200,
      "n_features": 640,
      "test_metrics": {
        "rmse": 0.39513956251931603,
        "mae": 0.3685532024854709,
        "r2": 0.8499448949416523,
        "mape": 190.09089803944704
      }
    },
    "xgboost": {
      "train_metrics": {
        "rmse": 0.005008388081171584,
        "mae": 0.0017367771522410458,
        "r2": 0.9999750939696538,
        "mape": 0.14949914260146752
      },
      "val_metrics": {
        "rmse": 0.10362901710773302,
        "mae": 0.06447348245127653,
        "r2": 0.9862819312026166,
        "mape": 12.937030530069629
      },
      "training_time": 2.765702247619629,
      "n_estimators": 200,
      "best_iteration": null,
      "n_features": 640,
      "test_metrics": {
        "rmse": 0.39367709021226666,
        "mae": 0.26288840353255244,
        "r2": 0.8510535934608352,
        "mape": 123.88792312465642
      }
    },
    "lstm": {
      "train_metrics": {
        "rmse": 0.30258061025249494,
        "mae": 0.21253015227755537,
        "r2": 0.9057001511478698,
        "mape": 32.31868593262604
      },
      "val_metrics": {
        "rmse": 0.43525741487336417,
        "mae": 0.3751550726653905,
        "r2": 0.7773150722125725,
        "mape": 72.73827106773373
      },
      "training_time": 36.345839977264404,
      "epochs_trained": 19,
      "final_train_loss": 0.06665920466184616,
      "final_val_loss": 0.24752049148082733,
      "n_features": 640,
      "sequence_length": 6,
      "test_metrics": {
        "rmse": 0.3414291902162156,
        "mae": 0.2757988115722123,
        "r2": 0.9021790194269866,
        "mape": 27.514391732782634
      }
    },
    "ensemble": {
      "individual_results": {
        "rf": {
          "rmse": 0.39513956251931603,
          "mae": 0.368553202485471,
          "r2": 0.8499448949416523,
          "mape": 190.09089803944704
        },
        "xgb": {
          "rmse": 0.39367709021226666,
          "mae": 0.26288840353255244,
          "r2": 0.8510535934608352,
          "mape": 123.88792312465642
        },
        "lstm": {
          "rmse": 0.3414291902162156,
          "mae": 0.2757988115722123,
          "r2": 0.9021790194269866,
          "mape": 27.514391732782634
        },
        "ensemble": {
          "rmse": 0.37498521799077,
          "mae": 0.31443466698123945,
          "r2": 0.8648618273632294,
          "mape": 152.9003791736746
        }
      },
      "ensemble_metrics": {
        "rmse": 0.37498521799077,
        "mae": 0.31443466698123945,
        "r2": 0.8648618273632294,
        "mape": 152.9003791736746
      }
    }
  },
  "training_end_time": "2025-11-21T19:55:17.917750"
}