{
  "training_start_time": "2025-11-29T00:57:53.537178",
  "data_shapes": {
    "train": [
      133,
      79
    ],
    "val": [
      29,
      79
    ],
    "test": [
      29,
      79
    ]
  },
  "models": {
    "random_forest": {
      "train_metrics": {
        "rmse": 0.14978998978776392,
        "mae": 0.0991366074175448,
        "r2": 0.9755559156081403,
        "mape": 25.16598623528306
      },
      "val_metrics": {
        "rmse": 0.252034456938633,
        "mae": 0.16719276739337502,
        "r2": 0.9445063148562313,
        "mape": 24.533984692882377
      },
      "training_time": 1.0076985359191895,
      "n_estimators": 200,
      "n_features": 79,
      "test_metrics": {
        "rmse": 0.25351637905423935,
        "mae": 0.17514112510457566,
        "r2": 0.9459592289588726,
        "mape": 43.653429420322425
      }
    },
    "xgboost": {
      "train_metrics": {
        "rmse": 0.07796516836226655,
        "mae": 0.05125591257118194,
        "r2": 0.9933776911073564,
        "mape": 10.911948413205097
      },
      "val_metrics": {
        "rmse": 0.1616142193062366,
        "mae": 0.11646847642901906,
        "r2": 0.977181722148979,
        "mape": 18.77641603796347
      },
      "training_time": 1.3287923336029053,
      "n_estimators": 500,
      "best_iteration": null,
      "n_features": 79,
      "test_metrics": {
        "rmse": 0.1377771341929984,
        "mae": 0.09825586767772299,
        "r2": 0.9840388645031612,
        "mape": 26.72421658231652
      }
    },
    "lstm": {
      "train_metrics": {
        "rmse": 0.18331560477332187,
        "mae": 0.1288573625902319,
        "r2": 0.9638543225222651,
        "mape": 49.949484060570626
      },
      "val_metrics": {
        "rmse": 0.29982789313189373,
        "mae": 0.2189476121444757,
        "r2": 0.9266979549025565,
        "mape": 41.13217678771991
      },
      "training_time": 34.439685344696045,
      "epochs_trained": 100,
      "final_train_loss": 0.173007532954216,
      "final_val_loss": 0.2107708603143692,
      "n_features": 79,
      "sequence_length": 6,
      "test_metrics": {
        "rmse": 0.30616689811865117,
        "mae": 0.1921576980601659,
        "r2": 0.9227489710198674,
        "mape": 106.81540122661472
      }
    },
    "ensemble": {
      "individual_results": {
        "rf": {
          "rmse": 0.25351637905423935,
          "mae": 0.17514112510457566,
          "r2": 0.9459592289588726,
          "mape": 43.65342942032243
        },
        "xgb": {
          "rmse": 0.1377771341929984,
          "mae": 0.09825586767772299,
          "r2": 0.9840388645031612,
          "mape": 26.72421658231652
        },
        "lstm": {
          "rmse": 0.30616689811865117,
          "mae": 0.1921576980601659,
          "r2": 0.9227489710198674,
          "mape": 106.81540122661472
        },
        "ensemble": {
          "rmse": 0.20171374956422417,
          "mae": 0.13870968477199278,
          "r2": 0.9657878399524741,
          "mape": 49.87900885317627
        }
      },
      "ensemble_metrics": {
        "rmse": 0.20171374956422417,
        "mae": 0.13870968477199278,
        "r2": 0.9657878399524741,
        "mape": 49.87900885317627
      }
    }
  },
  "training_end_time": "2025-11-29T00:58:34.678959",
  "baselines": {
    "persistence": {
      "r2": -1.0283286388705535,
      "rmse": 1.5531536305486024,
      "mae": 1.330255842053181
    },
    "mean": {
      "r2": -2.1450966255054382e-05,
      "rmse": 1.0905608748647586,
      "mae": 0.9915220627248812
    },
    "linear": {
      "r2": 0.9727223503854228,
      "rmse": 0.1801145212659485,
      "mae": 0.11956268388899621
    }
  },
  "feature_selection": {
    "original_features": 325,
    "selected_features": 79,
    "reduction_pct": 75.6923076923077
  },
  "validation_summary": {
    "random_forest": {
      "status": "fail",
      "checks_passed": 1,
      "checks_failed": 3
    },
    "xgboost": {
      "status": "fail",
      "checks_passed": 1,
      "checks_failed": 3
    },
    "lstm": {
      "status": "fail",
      "checks_passed": 1,
      "checks_failed": 3
    },
    "ensemble": {
      "status": "fail",
      "checks_passed": 1,
      "checks_failed": 3
    }
  }
}