{
  "training_start_time": "2025-11-29T00:32:42.893207",
  "data_shapes": {
    "train": [
      133,
      325
    ],
    "val": [
      29,
      325
    ],
    "test": [
      29,
      325
    ]
  },
  "models": {
    "random_forest": {
      "train_metrics": {
        "rmse": 0.17002129284774414,
        "mae": 0.1099772035251808,
        "r2": 0.9685069429010276,
        "mape": 27.495458951510894
      },
      "val_metrics": {
        "rmse": 0.29500194295645765,
        "mae": 0.19555523727612298,
        "r2": 0.9239720151505573,
        "mape": 27.47357975000902
      },
      "training_time": 1.3071277141571045,
      "n_estimators": 200,
      "n_features": 325,
      "test_metrics": {
        "rmse": 0.29206223670800435,
        "mae": 0.2099880934166834,
        "r2": 0.9282766932756994,
        "mape": 52.25170027039216
      }
    },
    "xgboost": {
      "train_metrics": {
        "rmse": 0.0768775261473213,
        "mae": 0.050683801113517814,
        "r2": 0.9935611695173217,
        "mape": 11.04215729794056
      },
      "val_metrics": {
        "rmse": 0.15553097562926443,
        "mae": 0.11025236310804525,
        "r2": 0.9788671768159088,
        "mape": 17.838739567322378
      },
      "training_time": 5.749064922332764,
      "n_estimators": 500,
      "best_iteration": null,
      "n_features": 325,
      "test_metrics": {
        "rmse": 0.12659810234968452,
        "mae": 0.09112344766554993,
        "r2": 0.9865239106438739,
        "mape": 26.56514948300449
      }
    },
    "lstm": {
      "train_metrics": {
        "rmse": 0.14992746448332708,
        "mae": 0.10504302967186802,
        "r2": 0.9758220268958023,
        "mape": 39.879702983139296
      },
      "val_metrics": {
        "rmse": 0.2665203338743434,
        "mae": 0.1907411976134558,
        "r2": 0.9420794439261216,
        "mape": 51.41904543392843
      },
      "training_time": 44.96513795852661,
      "epochs_trained": 100,
      "final_train_loss": 0.1314305067062378,
      "final_val_loss": 0.19561432301998138,
      "n_features": 325,
      "sequence_length": 6,
      "test_metrics": {
        "rmse": 0.26971938513918825,
        "mae": 0.17644568352423742,
        "r2": 0.9400468334225052,
        "mape": 96.67241987114728
      }
    },
    "ensemble": {
      "individual_results": {
        "rf": {
          "rmse": 0.29206223670800435,
          "mae": 0.20998809341668342,
          "r2": 0.9282766932756994,
          "mape": 52.25170027039218
        },
        "xgb": {
          "rmse": 0.12659810234968452,
          "mae": 0.09112344766554993,
          "r2": 0.9865239106438739,
          "mape": 26.56514948300449
        },
        "lstm": {
          "rmse": 0.26971938513918825,
          "mae": 0.17644568352423742,
          "r2": 0.9400468334225052,
          "mape": 96.67241987114728
        },
        "ensemble": {
          "rmse": 0.19587667227889838,
          "mae": 0.14195472785594013,
          "r2": 0.9677392154495972,
          "mape": 50.02815826321242
        }
      },
      "ensemble_metrics": {
        "rmse": 0.19587667227889838,
        "mae": 0.14195472785594013,
        "r2": 0.9677392154495972,
        "mape": 50.02815826321242
      }
    }
  },
  "training_end_time": "2025-11-29T00:33:40.480491",
  "baselines": {
    "persistence": {
      "r2": -1.0283286388705535,
      "rmse": 1.5531536305486024,
      "mae": 1.330255842053181
    },
    "mean": {
      "r2": -2.1450966255054382e-05,
      "rmse": 1.0905608748647586,
      "mae": 0.9915220627248812
    },
    "linear": {
      "r2": 0.8899692633205928,
      "rmse": 0.36174477353355666,
      "mae": 0.24610006914312196
    }
  },
  "feature_selection": {
    "original_features": 325,
    "selected_features": 325,
    "reduction_pct": 0.0
  },
  "validation_summary": {
    "random_forest": {
      "status": "fail",
      "checks_passed": 1,
      "checks_failed": 3
    },
    "xgboost": {
      "status": "fail",
      "checks_passed": 1,
      "checks_failed": 2
    },
    "lstm": {
      "status": "fail",
      "checks_passed": 1,
      "checks_failed": 2
    },
    "ensemble": {
      "status": "fail",
      "checks_passed": 1,
      "checks_failed": 2
    }
  }
}