{
  "training_start_time": "2025-11-28T09:14:21.495808",
  "data_shapes": {
    "train": [
      133,
      640
    ],
    "val": [
      29,
      640
    ],
    "test": [
      29,
      640
    ]
  },
  "models": {
    "random_forest": {
      "train_metrics": {
        "rmse": 0.10219542891438557,
        "mae": 0.0647807613180438,
        "r2": 0.9886218636571039,
        "mape": 18.946621240782342
      },
      "val_metrics": {
        "rmse": 0.25792737293078055,
        "mae": 0.1598678784033206,
        "r2": 0.9418809380296189,
        "mape": 24.827801822982376
      },
      "training_time": 0.5795533657073975,
      "n_estimators": 200,
      "n_features": 640,
      "test_metrics": {
        "rmse": 0.22756377508537023,
        "mae": 0.15422579664912495,
        "r2": 0.9564572604527042,
        "mape": 41.22517600927321
      }
    },
    "xgboost": {
      "train_metrics": {
        "rmse": 0.0031302176082834616,
        "mae": 0.000895889330142863,
        "r2": 0.9999893252613161,
        "mape": 0.13346419942839072
      },
      "val_metrics": {
        "rmse": 0.16117057617635744,
        "mae": 0.09929809617938547,
        "r2": 0.9773068259649048,
        "mape": 20.043358750015194
      },
      "training_time": 6.611238718032837,
      "n_estimators": 200,
      "best_iteration": null,
      "n_features": 640,
      "test_metrics": {
        "rmse": 0.14050334498176345,
        "mae": 0.09539153557876193,
        "r2": 0.983400965879714,
        "mape": 21.642285442003868
      }
    },
    "lstm": {
      "train_metrics": {
        "rmse": 0.10249639047634626,
        "mae": 0.07433365299046624,
        "r2": 0.9887000989560956,
        "mape": 18.10811743233911
      },
      "val_metrics": {
        "rmse": 0.20409363398612995,
        "mae": 0.1318817338608266,
        "r2": 0.9660350528961805,
        "mape": 24.06259845686385
      },
      "training_time": 25.575780630111694,
      "epochs_trained": 39,
      "final_train_loss": 0.011161933653056622,
      "final_val_loss": 0.04858194664120674,
      "n_features": 640,
      "sequence_length": 6,
      "test_metrics": {
        "rmse": 0.2608009075657832,
        "mae": 0.17393312337133401,
        "r2": 0.9439460784732624,
        "mape": 37.296385022427756
      }
    },
    "ensemble": {
      "individual_results": {
        "rf": {
          "rmse": 0.22756377508537018,
          "mae": 0.15422579664912492,
          "r2": 0.9564572604527042,
          "mape": 41.22517600927321
        },
        "xgb": {
          "rmse": 0.14050334498176345,
          "mae": 0.09539153557876193,
          "r2": 0.983400965879714,
          "mape": 21.642285442003868
        },
        "lstm": {
          "rmse": 0.2608009075657832,
          "mae": 0.17393312337133401,
          "r2": 0.9439460784732624,
          "mape": 37.296385022427756
        },
        "ensemble": {
          "rmse": 0.16339225963857865,
          "mae": 0.10183292021303245,
          "r2": 0.9775522690657964,
          "mape": 28.450305337776715
        }
      },
      "ensemble_metrics": {
        "rmse": 0.16339225963857865,
        "mae": 0.10183292021303245,
        "r2": 0.9775522690657964,
        "mape": 28.450305337776715
      }
    }
  },
  "training_end_time": "2025-11-28T09:14:59.983157"
}