{
  "training_start_time": "2025-11-30T21:10:33.551726",
  "data_shapes": {
    "train": [
      294,
      53
    ],
    "val": [
      98,
      53
    ],
    "test": [
      75,
      53
    ]
  },
  "models": {
    "random_forest": {
      "train_metrics": {
        "rmse": 0.1664791951353198,
        "mae": 0.10451698830942877,
        "r2": 0.9703677225156101,
        "mape": 25.260903112684808
      },
      "val_metrics": {
        "rmse": 0.27289573598442424,
        "mae": 0.17572135634202388,
        "r2": 0.918659534706803,
        "mape": 71.68796965803416
      },
      "training_time": 4.820487976074219,
      "n_estimators": 200,
      "n_features": 53,
      "test_metrics": {
        "rmse": 0.422683814389098,
        "mae": 0.29272219462149646,
        "r2": 0.8676840215305892,
        "mape": 170.92110487501722
      }
    },
    "xgboost": {
      "train_metrics": {
        "rmse": 0.09584707275240198,
        "mae": 0.0672550601822818,
        "r2": 0.9901779349928908,
        "mape": 15.204812513287205
      },
      "val_metrics": {
        "rmse": 0.22408579415519367,
        "mae": 0.14502518580008616,
        "r2": 0.9451543985272643,
        "mape": 69.77454048158847
      },
      "training_time": 109.20966291427612,
      "n_estimators": 500,
      "best_iteration": null,
      "n_features": 53,
      "test_metrics": {
        "rmse": 0.3724528054909692,
        "mae": 0.2344947652739242,
        "r2": 0.897263786114335,
        "mape": 157.81965510589845
      }
    },
    "lstm": {
      "train_metrics": {
        "rmse": 0.30977986446855627,
        "mae": 0.2038422901291096,
        "r2": 0.8975859995599061,
        "mape": 80.54289713157316
      },
      "val_metrics": {
        "rmse": 0.3623502434459198,
        "mae": 0.23865778248067368,
        "r2": 0.857451406793078,
        "mape": 103.67145320060922
      },
      "training_time": 513.2415189743042,
      "epochs_trained": 92,
      "final_train_loss": 0.20854051411151886,
      "final_val_loss": 0.23531724512577057,
      "n_features": 53,
      "sequence_length": 6,
      "test_metrics": {
        "rmse": 0.5348562834013597,
        "mae": 0.3550458695273357,
        "r2": 0.7812588053631115,
        "mape": 181.32646828697443
      }
    },
    "ensemble": {
      "individual_results": {
        "rf": {
          "rmse": 0.422683814389098,
          "mae": 0.29272219462149635,
          "r2": 0.8676840215305892,
          "mape": 170.92110487501725
        },
        "xgb": {
          "rmse": 0.3724528054909692,
          "mae": 0.2344947652739242,
          "r2": 0.897263786114335,
          "mape": 157.81965510589845
        },
        "lstm": {
          "rmse": 0.5348562834013597,
          "mae": 0.3550458695273357,
          "r2": 0.7812588053631115,
          "mape": 181.32646828697443
        },
        "ensemble": {
          "rmse": 0.4184901559333706,
          "mae": 0.2707984002983322,
          "r2": 0.8702965434286828,
          "mape": 192.94356869776163
        }
      },
      "ensemble_metrics": {
        "rmse": 0.4184901559333706,
        "mae": 0.2707984002983322,
        "r2": 0.8702965434286828,
        "mape": 192.94356869776163
      }
    }
  },
  "training_end_time": "2025-11-30T21:21:30.014571",
  "baselines": {
    "persistence": {
      "r2": -1.0493156425546166,
      "rmse": 1.6634658868586685,
      "mae": 1.2017288479291253
    },
    "mean": {
      "r2": -0.028186037634114758,
      "rmse": 1.1782713629258226,
      "mae": 1.0317092140839308
    },
    "linear": {
      "r2": 0.8706624523855423,
      "rmse": 0.4178994336346538,
      "mae": 0.3265983361163831
    }
  },
  "cross_validation": null,
  "feature_selection": {
    "original_features": 231,
    "selected_features": 53,
    "reduction_pct": 77.05627705627705
  },
  "validation_summary": {
    "random_forest": {
      "status": "fail",
      "checks_passed": 2,
      "checks_failed": 1
    },
    "xgboost": {
      "status": "fail",
      "checks_passed": 3,
      "checks_failed": 1
    },
    "lstm": {
      "status": "fail",
      "checks_passed": 3,
      "checks_failed": 1
    },
    "ensemble": {
      "status": "fail",
      "checks_passed": 3,
      "checks_failed": 1
    }
  }
}