{
  "training_start_time": "2025-11-30T23:18:47.061144",
  "data_shapes": {
    "train": [
      294,
      35
    ],
    "val": [
      98,
      35
    ],
    "test": [
      75,
      35
    ]
  },
  "models": {
    "random_forest": {
      "train_metrics": {
        "rmse": 0.1670760891764938,
        "mae": 0.10415858534622605,
        "r2": 0.9701548546206882,
        "mape": 24.539651828194025
      },
      "val_metrics": {
        "rmse": 0.27050644491431225,
        "mae": 0.1707887338411066,
        "r2": 0.9200776240381535,
        "mape": 72.79679052041715
      },
      "training_time": 1.475961685180664,
      "n_estimators": 200,
      "n_features": 35,
      "test_metrics": {
        "rmse": 0.4093340158761793,
        "mae": 0.2823639456438611,
        "r2": 0.8759100157736621,
        "mape": 142.46910127801993
      }
    },
    "xgboost": {
      "train_metrics": {
        "rmse": 0.09789828442006672,
        "mae": 0.0687867152047621,
        "r2": 0.9897530348481713,
        "mape": 14.595090804492916
      },
      "val_metrics": {
        "rmse": 0.21039959556406185,
        "mae": 0.13609159392739972,
        "r2": 0.9516492790642374,
        "mape": 67.43456019477165
      },
      "training_time": 2.266989231109619,
      "n_estimators": 500,
      "best_iteration": null,
      "n_features": 35,
      "test_metrics": {
        "rmse": 0.36204003397454326,
        "mae": 0.22910863433206932,
        "r2": 0.9029279389321154,
        "mape": 149.87410169505725
      }
    },
    "lstm": {
      "train_metrics": {
        "rmse": 0.36164695563150756,
        "mae": 0.2505577953511035,
        "r2": 0.8604201951294652,
        "mape": 92.86226501674906
      },
      "val_metrics": {
        "rmse": 0.386895767570314,
        "mae": 0.2695298305536318,
        "r2": 0.837484877928314,
        "mape": 116.31210130643397
      },
      "training_time": 209.71751832962036,
      "epochs_trained": 65,
      "final_train_loss": 0.23950034379959106,
      "final_val_loss": 0.25303566455841064,
      "n_features": 35,
      "sequence_length": 6,
      "test_metrics": {
        "rmse": 0.5229817879562005,
        "mae": 0.3560370056341395,
        "r2": 0.7908636586100215,
        "mape": 127.33549657459837
      }
    },
    "ensemble": {
      "individual_results": {
        "rf": {
          "rmse": 0.4093340158761793,
          "mae": 0.2823639456438611,
          "r2": 0.8759100157736621,
          "mape": 142.4691012780199
        },
        "xgb": {
          "rmse": 0.36204003397454326,
          "mae": 0.22910863433206932,
          "r2": 0.9029279389321154,
          "mape": 149.87410169505725
        },
        "lstm": {
          "rmse": 0.5229817879562005,
          "mae": 0.3560370056341395,
          "r2": 0.7908636586100215,
          "mape": 127.33549657459837
        },
        "ensemble": {
          "rmse": 0.41333101391615995,
          "mae": 0.2693582626653947,
          "r2": 0.8734747967449215,
          "mape": 159.83122014520922
        }
      },
      "ensemble_metrics": {
        "rmse": 0.41333101391615995,
        "mae": 0.2693582626653947,
        "r2": 0.8734747967449215,
        "mape": 159.83122014520922
      }
    }
  },
  "training_end_time": "2025-11-30T23:22:36.379173",
  "baselines": {
    "persistence": {
      "r2": -1.0493156425546166,
      "rmse": 1.6634658868586685,
      "mae": 1.2017288479291253
    },
    "mean": {
      "r2": -0.028186037634114758,
      "rmse": 1.1782713629258226,
      "mae": 1.0317092140839308
    },
    "linear": {
      "r2": 0.8706624523855423,
      "rmse": 0.4178994336346538,
      "mae": 0.3265983361163831
    }
  },
  "cross_validation": {
    "random_forest": {
      "model_name": "Random Forest",
      "n_splits": 5,
      "r2_mean": 0.9324590390954759,
      "r2_std": 0.04075417059307671,
      "r2_ci_lower": 0.8818560526933978,
      "r2_ci_upper": 0.983062025497554,
      "rmse_mean": 0.23394934403662654,
      "rmse_std": 0.09781057561840553,
      "mae_mean": 0.169891855223775,
      "mae_std": 0.07828454614473503,
      "fold_results": [
        {
          "fold": 0,
          "train_size": 50,
          "test_size": 20,
          "r2": 0.885446413638039,
          "rmse": 0.371327457511572,
          "mae": 0.2872196616184442,
          "mape": 32.24762688972959
        },
        {
          "fold": 1,
          "train_size": 88,
          "test_size": 20,
          "r2": 0.9650520465318004,
          "rmse": 0.15410309715014944,
          "mae": 0.10748620236899331,
          "mape": 19.328796270001046
        },
        {
          "fold": 2,
          "train_size": 126,
          "test_size": 20,
          "r2": 0.9728042568791456,
          "rmse": 0.1386299065168552,
          "mae": 0.09484764202751597,
          "mape": 15.820166987901132
        },
        {
          "fold": 3,
          "train_size": 164,
          "test_size": 20,
          "r2": 0.8929697087471633,
          "rmse": 0.2929661913239682,
          "mae": 0.202530732846638,
          "mape": 205.606922225821
        },
        {
          "fold": 4,
          "train_size": 202,
          "test_size": 20,
          "r2": 0.9460227696812308,
          "rmse": 0.21272006768058788,
          "mae": 0.15737503725728347,
          "mape": 26.55514941480364
        }
      ],
      "best_fold": 2,
      "worst_fold": 0,
      "timestamp": "2025-11-30T23:22:53.331525"
    },
    "xgboost": {
      "model_name": "XGBoost",
      "n_splits": 5,
      "r2_mean": 0.9425951416479792,
      "r2_std": 0.02941500033854714,
      "r2_ci_lower": 0.9060715947204536,
      "r2_ci_upper": 0.9791186885755048,
      "rmse_mean": 0.2160599885221212,
      "rmse_std": 0.08238788803028066,
      "mae_mean": 0.15756486083714505,
      "mae_std": 0.06485465355202702,
      "fold_results": [
        {
          "fold": 0,
          "train_size": 50,
          "test_size": 20,
          "r2": 0.9048023586059136,
          "rmse": 0.33850556516689295,
          "mae": 0.26263688697444654,
          "mape": 33.5881153937784
        },
        {
          "fold": 1,
          "train_size": 88,
          "test_size": 20,
          "r2": 0.9380654946703806,
          "rmse": 0.20514778369127057,
          "mae": 0.14453350643424115,
          "mape": 30.883261467838274
        },
        {
          "fold": 2,
          "train_size": 126,
          "test_size": 20,
          "r2": 0.9817086211037573,
          "rmse": 0.11369194288105033,
          "mae": 0.08375396311511948,
          "mape": 14.501769421793407
        },
        {
          "fold": 3,
          "train_size": 164,
          "test_size": 20,
          "r2": 0.9287538428984554,
          "rmse": 0.2390258512757424,
          "mae": 0.1488662204162614,
          "mape": 74.88416076466636
        },
        {
          "fold": 4,
          "train_size": 202,
          "test_size": 20,
          "r2": 0.9596453909613898,
          "rmse": 0.1839287995956497,
          "mae": 0.14803372724565664,
          "mape": 24.219844072337676
        }
      ],
      "best_fold": 2,
      "worst_fold": 0,
      "timestamp": "2025-11-30T23:24:05.727587"
    }
  },
  "feature_selection": {
    "original_features": 231,
    "selected_features": 35,
    "reduction_pct": 84.84848484848484
  },
  "validation_summary": {
    "random_forest": {
      "status": "fail",
      "checks_passed": 2,
      "checks_failed": 1
    },
    "xgboost": {
      "status": "fail",
      "checks_passed": 3,
      "checks_failed": 1
    },
    "lstm": {
      "status": "fail",
      "checks_passed": 3,
      "checks_failed": 1
    },
    "ensemble": {
      "status": "fail",
      "checks_passed": 3,
      "checks_failed": 1
    }
  }
}