{
  "training_start_time": "2025-11-30T16:18:24.397620",
  "data_shapes": {
    "train": [
      343,
      37
    ],
    "val": [
      74,
      37
    ],
    "test": [
      74,
      37
    ]
  },
  "models": {
    "random_forest": {
      "train_metrics": {
        "rmse": 0.12666410654473392,
        "mae": 0.07373618479672207,
        "r2": 0.9825385508392268,
        "mape": 16.667000207754988
      },
      "val_metrics": {
        "rmse": 0.19904984038688914,
        "mae": 0.1232631721461385,
        "r2": 0.9592239971293162,
        "mape": 49.37087296538315
      },
      "training_time": 1.8835186958312988,
      "n_estimators": 200,
      "n_features": 37,
      "test_metrics": {
        "rmse": 0.3220888542908928,
        "mae": 0.19896779519771046,
        "r2": 0.9233070208714862,
        "mape": 189.15874315980582
      }
    },
    "xgboost": {
      "train_metrics": {
        "rmse": 0.08770748697067238,
        "mae": 0.061217255864355585,
        "r2": 0.9916276670512725,
        "mape": 10.653362287765093
      },
      "val_metrics": {
        "rmse": 0.18660780747064673,
        "mae": 0.11885132155847311,
        "r2": 0.964162260836937,
        "mape": 32.28003546824203
      },
      "training_time": 6.094562768936157,
      "n_estimators": 500,
      "best_iteration": null,
      "n_features": 37,
      "test_metrics": {
        "rmse": 0.2941677406479731,
        "mae": 0.18065087155903345,
        "r2": 0.9360273553555537,
        "mape": 191.13118763951908
      }
    },
    "lstm": {
      "train_metrics": {
        "rmse": 0.21333611093078722,
        "mae": 0.14668989110587616,
        "r2": 0.9505255443346863,
        "mape": 40.07936505853803
      },
      "val_metrics": {
        "rmse": 0.2589032704671969,
        "mae": 0.187872662562528,
        "r2": 0.9316227535745936,
        "mape": 84.05105182100966
      },
      "training_time": 368.252414226532,
      "epochs_trained": 100,
      "final_train_loss": 0.17641878128051758,
      "final_val_loss": 0.15636000037193298,
      "n_features": 37,
      "sequence_length": 6,
      "test_metrics": {
        "rmse": 0.32393940436683427,
        "mae": 0.22485210632214409,
        "r2": 0.9205030118177123,
        "mape": 97.65215509860688
      }
    },
    "ensemble": {
      "individual_results": {
        "rf": {
          "rmse": 0.32208885429089273,
          "mae": 0.1989677951977104,
          "r2": 0.9233070208714862,
          "mape": 189.1587431598059
        },
        "xgb": {
          "rmse": 0.2941677406479731,
          "mae": 0.18065087155903345,
          "r2": 0.9360273553555537,
          "mape": 191.13118763951908
        },
        "lstm": {
          "rmse": 0.32393940436683427,
          "mae": 0.22485210632214409,
          "r2": 0.9205030118177123,
          "mape": 97.65215509860688
        },
        "ensemble": {
          "rmse": 0.30511122256313394,
          "mae": 0.18689967755678089,
          "r2": 0.9311790633110697,
          "mape": 196.00550977846936
        }
      },
      "ensemble_metrics": {
        "rmse": 0.30511122256313394,
        "mae": 0.18689967755678089,
        "r2": 0.9311790633110697,
        "mape": 196.00550977846936
      }
    }
  },
  "training_end_time": "2025-11-30T16:25:14.920146",
  "baselines": {
    "persistence": {
      "r2": -1.2152897266468576,
      "rmse": 1.7310641375390645,
      "mae": 1.2821469564527819
    },
    "mean": {
      "r2": -0.034550203410780966,
      "rmse": 1.1829698544514478,
      "mae": 1.0337596802258995
    },
    "linear": {
      "r2": 0.9134104932127752,
      "rmse": 0.3422398094382866,
      "mae": 0.24995484051545888
    }
  },
  "cross_validation": {
    "random_forest": {
      "model_name": "Random Forest",
      "n_splits": 5,
      "r2_mean": 0.9597527627676066,
      "r2_std": 0.02501640467429386,
      "r2_ci_lower": 0.9286907937190395,
      "r2_ci_upper": 0.9908147318161736,
      "rmse_mean": 0.1846990517034868,
      "rmse_std": 0.07133410482987394,
      "mae_mean": 0.1282925787073439,
      "mae_std": 0.04567696387128984,
      "fold_results": [
        {
          "fold": 0,
          "train_size": 50,
          "test_size": 20,
          "r2": 0.9383769606295751,
          "rmse": 0.27234805382980953,
          "mae": 0.18251842099873603,
          "mape": 18.15562335639257
        },
        {
          "fold": 1,
          "train_size": 113,
          "test_size": 20,
          "r2": 0.9850599561949784,
          "rmse": 0.11273429259415665,
          "mae": 0.07994915031279955,
          "mape": 10.787198161945222
        },
        {
          "fold": 2,
          "train_size": 176,
          "test_size": 20,
          "r2": 0.9292232473393506,
          "rmse": 0.24149427570191467,
          "mae": 0.1613300777898745,
          "mape": 58.31403567461718
        },
        {
          "fold": 3,
          "train_size": 239,
          "test_size": 20,
          "r2": 0.9653019332585088,
          "rmse": 0.1771002843252774,
          "mae": 0.13352224467383755,
          "mape": 36.86009570964426
        },
        {
          "fold": 4,
          "train_size": 302,
          "test_size": 20,
          "r2": 0.9808017164156201,
          "rmse": 0.11981835206627575,
          "mae": 0.08414299976147183,
          "mape": 11.179881260398002
        }
      ],
      "best_fold": 1,
      "worst_fold": 2,
      "timestamp": "2025-11-30T16:25:29.996607"
    },
    "xgboost": {
      "model_name": "XGBoost",
      "n_splits": 5,
      "r2_mean": 0.9706661704424256,
      "r2_std": 0.017187750598827517,
      "r2_ci_lower": 0.9493247593137563,
      "r2_ci_upper": 0.992007581571095,
      "rmse_mean": 0.1577332424244129,
      "rmse_std": 0.059845421336879694,
      "mae_mean": 0.11683573798949572,
      "mae_std": 0.042955256474303864,
      "fold_results": [
        {
          "fold": 0,
          "train_size": 50,
          "test_size": 20,
          "r2": 0.9573169185451128,
          "rmse": 0.2266629837504802,
          "mae": 0.16571364278175874,
          "mape": 16.093722122292743
        },
        {
          "fold": 1,
          "train_size": 113,
          "test_size": 20,
          "r2": 0.9907363896360715,
          "rmse": 0.08877082346140824,
          "mae": 0.06880176797911373,
          "mape": 8.55564154835478
        },
        {
          "fold": 2,
          "train_size": 176,
          "test_size": 20,
          "r2": 0.9512973427996685,
          "rmse": 0.20032624610605268,
          "mae": 0.14366424042425996,
          "mape": 43.42502687334697
        },
        {
          "fold": 3,
          "train_size": 239,
          "test_size": 20,
          "r2": 0.968460059936809,
          "rmse": 0.16884843950429876,
          "mae": 0.13112116539991062,
          "mape": 26.790077836766436
        },
        {
          "fold": 4,
          "train_size": 302,
          "test_size": 20,
          "r2": 0.9855201412944657,
          "rmse": 0.10405771929982467,
          "mae": 0.07487787336243554,
          "mape": 9.749664936096897
        }
      ],
      "best_fold": 1,
      "worst_fold": 2,
      "timestamp": "2025-11-30T16:25:46.762447"
    }
  },
  "feature_selection": {
    "original_features": 341,
    "selected_features": 37,
    "reduction_pct": 89.14956011730204
  },
  "validation_summary": {
    "random_forest": {
      "status": "fail",
      "checks_passed": 3,
      "checks_failed": 1
    },
    "xgboost": {
      "status": "fail",
      "checks_passed": 3,
      "checks_failed": 1
    },
    "lstm": {
      "status": "fail",
      "checks_passed": 3,
      "checks_failed": 1
    },
    "ensemble": {
      "status": "fail",
      "checks_passed": 3,
      "checks_failed": 1
    }
  }
}