{
  "training_start_time": "2025-11-30T20:03:24.624723",
  "data_shapes": {
    "train": [
      343,
      53
    ],
    "val": [
      73,
      53
    ],
    "test": [
      51,
      53
    ]
  },
  "models": {
    "random_forest": {
      "train_metrics": {
        "rmse": 0.14364468852344178,
        "mae": 0.08985481139317825,
        "r2": 0.9775429710127809,
        "mape": 21.892855291376524
      },
      "val_metrics": {
        "rmse": 0.3240716286410177,
        "mae": 0.22010852291371738,
        "r2": 0.909048648209263,
        "mape": 192.62810699868592
      },
      "training_time": 1.0096685886383057,
      "n_estimators": 200,
      "n_features": 53,
      "test_metrics": {
        "rmse": 0.34946229881713303,
        "mae": 0.24967515435238974,
        "r2": 0.9076026695028432,
        "mape": 71.78585076213415
      }
    },
    "xgboost": {
      "train_metrics": {
        "rmse": 0.08895346328568315,
        "mae": 0.061736096873677024,
        "r2": 0.9913881019762806,
        "mape": 12.534731532321858
      },
      "val_metrics": {
        "rmse": 0.257443171538927,
        "mae": 0.16346446281771743,
        "r2": 0.9426029080912923,
        "mape": 193.04987646488388
      },
      "training_time": 5.301131248474121,
      "n_estimators": 500,
      "best_iteration": null,
      "n_features": 53,
      "test_metrics": {
        "rmse": 0.2870701063878995,
        "mae": 0.1925586973915137,
        "r2": 0.9376502515616211,
        "mape": 74.24876684472007
      }
    },
    "lstm": {
      "train_metrics": {
        "rmse": 0.2296050220748065,
        "mae": 0.16053408062289443,
        "r2": 0.9426920275817168,
        "mape": 55.407135706209566
      },
      "val_metrics": {
        "rmse": 0.3730519348578351,
        "mae": 0.24578100743865736,
        "r2": 0.8833998746072643,
        "mape": 406.19572472319373
      },
      "training_time": 332.934086561203,
      "epochs_trained": 94,
      "final_train_loss": 0.17658661305904388,
      "final_val_loss": 0.26028698682785034,
      "n_features": 53,
      "sequence_length": 6,
      "test_metrics": {
        "rmse": 0.33842347284541396,
        "mae": 0.2505435767565319,
        "r2": 0.9121818055913781,
        "mape": 163.6362320644874
      }
    },
    "ensemble": {
      "individual_results": {
        "rf": {
          "rmse": 0.349462298817133,
          "mae": 0.24967515435238974,
          "r2": 0.9076026695028432,
          "mape": 71.78585076213415
        },
        "xgb": {
          "rmse": 0.2870701063878995,
          "mae": 0.1925586973915137,
          "r2": 0.9376502515616211,
          "mape": 74.24876684472007
        },
        "lstm": {
          "rmse": 0.33842347284541396,
          "mae": 0.2505435767565319,
          "r2": 0.9121818055913781,
          "mape": 163.6362320644874
        },
        "ensemble": {
          "rmse": 0.3121372497453144,
          "mae": 0.217251455682033,
          "r2": 0.9262860024249685,
          "mape": 91.47051536168942
        }
      },
      "ensemble_metrics": {
        "rmse": 0.3121372497453144,
        "mae": 0.217251455682033,
        "r2": 0.9262860024249685,
        "mape": 91.47051536168942
      }
    }
  },
  "training_end_time": "2025-11-30T20:09:16.226131",
  "baselines": {
    "persistence": {
      "r2": -1.1226878913623137,
      "rmse": 1.6749956701533757,
      "mae": 1.2181482251555702
    },
    "mean": {
      "r2": -0.017522779555291246,
      "rmse": 1.1596920709135867,
      "mae": 1.0162006711862788
    },
    "linear": {
      "r2": 0.8648073264325946,
      "rmse": 0.4227145491770779,
      "mae": 0.31751162069704697
    }
  },
  "cross_validation": {
    "random_forest": {
      "model_name": "Random Forest",
      "n_splits": 5,
      "r2_mean": 0.9357638172422309,
      "r2_std": 0.04001280152335237,
      "r2_ci_lower": 0.8860813621234115,
      "r2_ci_upper": 0.9854462723610503,
      "rmse_mean": 0.23357437274535942,
      "rmse_std": 0.09501777343832839,
      "mae_mean": 0.16937600030222236,
      "mae_std": 0.07319129213720446,
      "fold_results": [
        {
          "fold": 0,
          "train_size": 50,
          "test_size": 20,
          "r2": 0.8915514176977822,
          "rmse": 0.36129725197599216,
          "mae": 0.2826726414110597,
          "mape": 32.60328925381949
        },
        {
          "fold": 1,
          "train_size": 113,
          "test_size": 20,
          "r2": 0.9779985979938816,
          "rmse": 0.13680604467487759,
          "mae": 0.10086012567633063,
          "mape": 14.382580547336122
        },
        {
          "fold": 2,
          "train_size": 176,
          "test_size": 20,
          "r2": 0.8979299600116533,
          "rmse": 0.2900084598767461,
          "mae": 0.18681449061621097,
          "mape": 86.30700148695796
        },
        {
          "fold": 3,
          "train_size": 239,
          "test_size": 20,
          "r2": 0.9408084213831951,
          "rmse": 0.23131115688331505,
          "mae": 0.16705515543090638,
          "mape": 57.75294344314992
        },
        {
          "fold": 4,
          "train_size": 302,
          "test_size": 20,
          "r2": 0.9705306891246426,
          "rmse": 0.14844895031586622,
          "mae": 0.10947758837660412,
          "mape": 14.170752586635189
        }
      ],
      "best_fold": 1,
      "worst_fold": 0,
      "timestamp": "2025-11-30T20:09:28.013967"
    },
    "xgboost": {
      "model_name": "XGBoost",
      "n_splits": 5,
      "r2_mean": 0.9521624482111584,
      "r2_std": 0.036704140016648346,
      "r2_ci_lower": 0.9065882389674559,
      "r2_ci_upper": 0.9977366574548608,
      "rmse_mean": 0.19710940453344572,
      "rmse_std": 0.10075764999642174,
      "mae_mean": 0.14926652354706335,
      "mae_std": 0.07778723763329741,
      "fold_results": [
        {
          "fold": 0,
          "train_size": 50,
          "test_size": 20,
          "r2": 0.9065818813177803,
          "rmse": 0.3353268098503531,
          "mae": 0.26281808553694197,
          "mape": 34.259507452964684
        },
        {
          "fold": 1,
          "train_size": 113,
          "test_size": 20,
          "r2": 0.9903152688785939,
          "rmse": 0.09076614539800218,
          "mae": 0.06786586271002276,
          "mape": 11.062145118975996
        },
        {
          "fold": 2,
          "train_size": 176,
          "test_size": 20,
          "r2": 0.9227297997700146,
          "rmse": 0.2523292188958779,
          "mae": 0.1684528129950809,
          "mape": 57.81418285260405
        },
        {
          "fold": 3,
          "train_size": 239,
          "test_size": 20,
          "r2": 0.9581442594549909,
          "rmse": 0.19451098562381547,
          "mae": 0.1623117840817933,
          "mape": 56.58349611879534
        },
        {
          "fold": 4,
          "train_size": 302,
          "test_size": 20,
          "r2": 0.9830410316344129,
          "rmse": 0.11261386289917985,
          "mae": 0.08488407241147775,
          "mape": 11.97026196403987
        }
      ],
      "best_fold": 1,
      "worst_fold": 0,
      "timestamp": "2025-11-30T20:10:19.419301"
    }
  },
  "feature_selection": {
    "original_features": 255,
    "selected_features": 53,
    "reduction_pct": 79.2156862745098
  },
  "validation_summary": {
    "random_forest": {
      "status": "fail",
      "checks_passed": 2,
      "checks_failed": 1
    },
    "xgboost": {
      "status": "warning",
      "checks_passed": 3,
      "checks_failed": 0
    },
    "lstm": {
      "status": "fail",
      "checks_passed": 2,
      "checks_failed": 1
    },
    "ensemble": {
      "status": "warning",
      "checks_passed": 3,
      "checks_failed": 0
    }
  }
}