{
  "training_start_time": "2025-11-29T01:10:03.904202",
  "data_shapes": {
    "train": [
      133,
      35
    ],
    "val": [
      29,
      35
    ],
    "test": [
      29,
      35
    ]
  },
  "models": {
    "random_forest": {
      "train_metrics": {
        "rmse": 0.1664432125005309,
        "mae": 0.10835608088978095,
        "r2": 0.9698185312093032,
        "mape": 27.21195976177509
      },
      "val_metrics": {
        "rmse": 0.29957984782279473,
        "mae": 0.18424028525041436,
        "r2": 0.9215940685665093,
        "mape": 25.80228814734891
      },
      "training_time": 0.6617302894592285,
      "n_estimators": 200,
      "n_features": 35,
      "test_metrics": {
        "rmse": 0.2717240375384954,
        "mae": 0.17504081162458157,
        "r2": 0.9379180129928187,
        "mape": 43.949426647237175
      }
    },
    "xgboost": {
      "train_metrics": {
        "rmse": 0.09306578778459737,
        "mae": 0.06761906399463184,
        "r2": 0.9905639918366141,
        "mape": 14.607434875974915
      },
      "val_metrics": {
        "rmse": 0.2995314616702196,
        "mae": 0.1851900225147067,
        "r2": 0.9216193937345211,
        "mape": 23.94393205681015
      },
      "training_time": 0.6922228336334229,
      "n_estimators": 500,
      "best_iteration": null,
      "n_features": 35,
      "test_metrics": {
        "rmse": 0.23630500336496926,
        "mae": 0.14134314109502447,
        "r2": 0.9530478672189505,
        "mape": 38.765025531278305
      }
    },
    "lstm": {
      "train_metrics": {
        "rmse": 0.2578540653039163,
        "mae": 0.185051294250431,
        "r2": 0.9284836299403051,
        "mape": 63.9659387790777
      },
      "val_metrics": {
        "rmse": 0.4186461012772029,
        "mae": 0.3153834125189337,
        "r2": 0.8570888455056496,
        "mape": 62.41481145998281
      },
      "training_time": 33.47698163986206,
      "epochs_trained": 100,
      "final_train_loss": 0.2415979653596878,
      "final_val_loss": 0.31962791085243225,
      "n_features": 35,
      "sequence_length": 6,
      "test_metrics": {
        "rmse": 0.35155859015176066,
        "mae": 0.2487281553748358,
        "r2": 0.8981447936932594,
        "mape": 97.12602264084184
      }
    },
    "ensemble": {
      "individual_results": {
        "rf": {
          "rmse": 0.27172403753849533,
          "mae": 0.17504081162458157,
          "r2": 0.9379180129928187,
          "mape": 43.949426647237175
        },
        "xgb": {
          "rmse": 0.23630500336496926,
          "mae": 0.14134314109502447,
          "r2": 0.9530478672189505,
          "mape": 38.765025531278305
        },
        "lstm": {
          "rmse": 0.35155859015176066,
          "mae": 0.2487281553748358,
          "r2": 0.8981447936932594,
          "mape": 97.12602264084184
        },
        "ensemble": {
          "rmse": 0.26093957478938545,
          "mae": 0.16880689315222824,
          "r2": 0.9427481676308841,
          "mape": 52.61717568401413
        }
      },
      "ensemble_metrics": {
        "rmse": 0.26093957478938545,
        "mae": 0.16880689315222824,
        "r2": 0.9427481676308841,
        "mape": 52.61717568401413
      }
    }
  },
  "training_end_time": "2025-11-29T01:10:43.306558",
  "baselines": {
    "persistence": {
      "r2": -1.0283286388705535,
      "rmse": 1.5531536305486024,
      "mae": 1.330255842053181
    },
    "mean": {
      "r2": -2.1450966255054382e-05,
      "rmse": 1.0905608748647586,
      "mae": 0.9915220627248812
    },
    "linear": {
      "r2": 0.9715224174706191,
      "rmse": 0.1840334697788719,
      "mae": 0.1253213953736125
    }
  },
  "cross_validation": {
    "random_forest": {
      "model_name": "Random Forest",
      "n_splits": 5,
      "r2_mean": 0.9175187329187559,
      "r2_std": 0.03429269837754021,
      "r2_ci_lower": 0.8749387239421035,
      "r2_ci_upper": 0.9600987418954082,
      "rmse_mean": 0.2730603009170787,
      "rmse_std": 0.09020911359629859,
      "mae_mean": 0.17780816448430684,
      "mae_std": 0.05184888657448834,
      "fold_results": [
        {
          "fold": 0,
          "train_size": 50,
          "test_size": 20,
          "r2": 0.9480173127772482,
          "rmse": 0.18598943025808734,
          "mae": 0.1257501537229299,
          "mape": 26.467753221987888
        },
        {
          "fold": 1,
          "train_size": 62,
          "test_size": 20,
          "r2": 0.8940795876158285,
          "rmse": 0.33314390005700684,
          "mae": 0.1858228732768787,
          "mape": 18.094520382910943
        },
        {
          "fold": 2,
          "train_size": 74,
          "test_size": 20,
          "r2": 0.9612574782769435,
          "rmse": 0.16374637897493258,
          "mae": 0.12262103031322102,
          "mape": 52.470931906081084
        },
        {
          "fold": 3,
          "train_size": 86,
          "test_size": 20,
          "r2": 0.895367284825743,
          "rmse": 0.3334385073927948,
          "mae": 0.22518769381011,
          "mape": 66.88011985609558
        },
        {
          "fold": 4,
          "train_size": 98,
          "test_size": 20,
          "r2": 0.8888720010980159,
          "rmse": 0.34898328790257216,
          "mae": 0.22965907129839444,
          "mape": 47.715257625811454
        }
      ],
      "best_fold": 2,
      "worst_fold": 4,
      "timestamp": "2025-11-29T01:10:48.097058"
    },
    "xgboost": {
      "model_name": "XGBoost",
      "n_splits": 5,
      "r2_mean": 0.9440581361710972,
      "r2_std": 0.03180628762190429,
      "r2_ci_lower": 0.9045654139144645,
      "r2_ci_upper": 0.9835508584277299,
      "rmse_mean": 0.22241625957219152,
      "rmse_std": 0.0924702973009219,
      "mae_mean": 0.1560784527191243,
      "mae_std": 0.060386451610865505,
      "fold_results": [
        {
          "fold": 0,
          "train_size": 50,
          "test_size": 20,
          "r2": 0.9826600731609698,
          "rmse": 0.1074193527493666,
          "mae": 0.0826158441533793,
          "mape": 16.050642260229708
        },
        {
          "fold": 1,
          "train_size": 62,
          "test_size": 20,
          "r2": 0.9387677361754581,
          "rmse": 0.2532982516801975,
          "mae": 0.15190960307307874,
          "mape": 14.97226369481346
        },
        {
          "fold": 2,
          "train_size": 74,
          "test_size": 20,
          "r2": 0.9707736893579717,
          "rmse": 0.14222133807927828,
          "mae": 0.11309976790065013,
          "mape": 22.972891053407075
        },
        {
          "fold": 3,
          "train_size": 86,
          "test_size": 20,
          "r2": 0.9166053817571804,
          "rmse": 0.29768093291455855,
          "mae": 0.21131453329255107,
          "mape": 38.31914885444961
        },
        {
          "fold": 4,
          "train_size": 98,
          "test_size": 20,
          "r2": 0.9114838004039061,
          "rmse": 0.3114614224375566,
          "mae": 0.22145251517596237,
          "mape": 48.273533977607755
        }
      ],
      "best_fold": 0,
      "worst_fold": 4,
      "timestamp": "2025-11-29T01:10:51.624695"
    }
  },
  "feature_selection": {
    "original_features": 325,
    "selected_features": 35,
    "reduction_pct": 89.23076923076923
  },
  "validation_summary": {
    "random_forest": {
      "status": "fail",
      "checks_passed": 1,
      "checks_failed": 2
    },
    "xgboost": {
      "status": "fail",
      "checks_passed": 0,
      "checks_failed": 2
    },
    "lstm": {
      "status": "fail",
      "checks_passed": 0,
      "checks_failed": 2
    },
    "ensemble": {
      "status": "fail",
      "checks_passed": 1,
      "checks_failed": 2
    }
  }
}