{
  "training_start_time": "2025-12-29T16:58:52.388549",
  "data_shapes": {
    "train": [
      935,
      78
    ],
    "val": [
      310,
      78
    ],
    "test": [
      315,
      78
    ]
  },
  "models": {
    "random_forest": {
      "train_metrics": {
        "rmse": 0.25705091528055635,
        "mae": 0.1464401140039711,
        "r2": 0.924339123114465,
        "mape": 78.13326477860748
      },
      "val_metrics": {
        "rmse": 0.5098515032773697,
        "mae": 0.2911649307598689,
        "r2": 0.7819287749073045,
        "mape": 95.36593928013187
      },
      "training_time": 0.4922518730163574,
      "n_estimators": 200,
      "n_features": 78,
      "test_metrics": {
        "rmse": 0.4801485346269651,
        "mae": 0.2966899378195241,
        "r2": 0.7997316599433059,
        "mape": 82.15400839690253
      }
    },
    "xgboost": {
      "train_metrics": {
        "rmse": 0.17055319225049892,
        "mae": 0.10620497022400002,
        "r2": 0.9666916770998631,
        "mape": 84.46253222848605
      },
      "val_metrics": {
        "rmse": 0.45845818901571395,
        "mae": 0.25076173857860423,
        "r2": 0.8236764081511526,
        "mape": 119.69124740374231
      },
      "training_time": 2.4940648078918457,
      "n_estimators": 500,
      "best_iteration": null,
      "n_features": 78,
      "test_metrics": {
        "rmse": 0.4051902991850104,
        "mae": 0.2349249133862197,
        "r2": 0.857380417423511,
        "mape": 65.21398490579064
      }
    },
    "lstm": {
      "train_metrics": {
        "rmse": 0.3325051011828765,
        "mae": 0.19985904091737974,
        "r2": 0.873713921463187,
        "mape": 91.9353715338862
      },
      "val_metrics": {
        "rmse": 0.4926390726608924,
        "mae": 0.28520223590621924,
        "r2": 0.7984582483107003,
        "mape": 92.26159855703081
      },
      "training_time": 111.71753191947937,
      "epochs_trained": 100,
      "final_train_loss": 0.27069178223609924,
      "final_val_loss": 0.3522811830043793,
      "n_features": 78,
      "sequence_length": 6,
      "test_metrics": {
        "rmse": 0.47630329394240084,
        "mae": 0.3008595707859719,
        "r2": 0.8051661740882382,
        "mape": 88.97366003596883
      }
    },
    "ensemble": {
      "individual_results": {
        "rf": {
          "rmse": 0.48014853462696505,
          "mae": 0.2966899378195241,
          "r2": 0.7997316599433059,
          "mape": 82.15400839690253
        },
        "xgb": {
          "rmse": 0.4051902991850104,
          "mae": 0.2349249133862197,
          "r2": 0.857380417423511,
          "mape": 65.21398490579064
        },
        "lstm": {
          "rmse": 0.47630329394240084,
          "mae": 0.3008595707859719,
          "r2": 0.8051661740882382,
          "mape": 88.97366003596883
        },
        "ensemble": {
          "rmse": 0.42400632497378976,
          "mae": 0.25555010120665134,
          "r2": 0.8438270719826827,
          "mape": 70.7948989628034
        }
      },
      "ensemble_metrics": {
        "rmse": 0.42400632497378976,
        "mae": 0.25555010120665134,
        "r2": 0.8438270719826827,
        "mape": 70.7948989628034
      }
    }
  },
  "training_end_time": "2025-12-29T17:00:52.774865",
  "baselines": {
    "persistence": {
      "r2": -0.8606481434077449,
      "rmse": 1.4635298533121521,
      "mae": 1.0033264529035757
    },
    "mean": {
      "r2": -0.022042644316289106,
      "rmse": 1.0846858311590974,
      "mae": 0.8366825395684341
    },
    "linear": {
      "r2": 0.6985446060327795,
      "rmse": 0.5890891017258123,
      "mae": 0.4180879378419733
    }
  },
  "cross_validation": {
    "random_forest": {
      "model_name": "Random Forest",
      "n_splits": 5,
      "r2_mean": 0.7539990637266105,
      "r2_std": 0.1829225920986603,
      "r2_ci_lower": 0.5268706666595913,
      "r2_ci_upper": 0.9811274607936298,
      "rmse_mean": 0.333949122589384,
      "rmse_std": 0.12782505217295706,
      "mae_mean": 0.23393991866100433,
      "mae_std": 0.10526252741540534,
      "fold_results": [
        {
          "fold": 0,
          "train_size": 50,
          "test_size": 20,
          "r2": 0.7360384353588373,
          "rmse": 0.4213217513617351,
          "mae": 0.20692786997225196,
          "mape": 20.82537337966627
        },
        {
          "fold": 1,
          "train_size": 205,
          "test_size": 20,
          "r2": 0.5765531594650061,
          "rmse": 0.33457250438167335,
          "mae": 0.2712195667849717,
          "mape": 86.15525565909795
        },
        {
          "fold": 2,
          "train_size": 360,
          "test_size": 20,
          "r2": 0.5751384124211443,
          "rmse": 0.48778993346132765,
          "mae": 0.3953228896525408,
          "mape": 151.93884145180243
        },
        {
          "fold": 3,
          "train_size": 515,
          "test_size": 20,
          "r2": 0.9425416658275959,
          "rmse": 0.16397415370801632,
          "mae": 0.12142237536653151,
          "mape": 64.91275990652265
        },
        {
          "fold": 4,
          "train_size": 670,
          "test_size": 20,
          "r2": 0.939723645560469,
          "rmse": 0.2620872700341674,
          "mae": 0.17480689152872547,
          "mape": 43.954801370482556
        }
      ],
      "best_fold": 3,
      "worst_fold": 2,
      "timestamp": "2025-12-29T17:00:57.988208"
    },
    "xgboost": {
      "model_name": "XGBoost",
      "n_splits": 5,
      "r2_mean": 0.7950257331438433,
      "r2_std": 0.16005123070736085,
      "r2_ci_lower": 0.5962958821063082,
      "r2_ci_upper": 0.9937555841813783,
      "rmse_mean": 0.3016052996552755,
      "rmse_std": 0.09871442399469628,
      "mae_mean": 0.20918272899008367,
      "mae_std": 0.07249625336022125,
      "fold_results": [
        {
          "fold": 0,
          "train_size": 50,
          "test_size": 20,
          "r2": 0.7853036551046488,
          "rmse": 0.3799757310488337,
          "mae": 0.24227298297788788,
          "mape": 49.29420174488357
        },
        {
          "fold": 1,
          "train_size": 205,
          "test_size": 20,
          "r2": 0.5682080743512752,
          "rmse": 0.3378532159589423,
          "mae": 0.2411672944099173,
          "mape": 123.05769676819138
        },
        {
          "fold": 2,
          "train_size": 360,
          "test_size": 20,
          "r2": 0.7272446542153872,
          "rmse": 0.39083705781971523,
          "mae": 0.2921713330207626,
          "mape": 170.84686474762378
        },
        {
          "fold": 3,
          "train_size": 515,
          "test_size": 20,
          "r2": 0.9436532562937817,
          "rmse": 0.16238028311705047,
          "mae": 0.1121689308566483,
          "mape": 47.171510156831445
        },
        {
          "fold": 4,
          "train_size": 670,
          "test_size": 20,
          "r2": 0.9507190257541234,
          "rmse": 0.236980210331836,
          "mae": 0.15813310368520223,
          "mape": 30.38764628653658
        }
      ],
      "best_fold": 4,
      "worst_fold": 1,
      "timestamp": "2025-12-29T17:01:08.080027"
    },
    "lstm": {
      "model_name": "LSTM",
      "n_splits": 5,
      "r2_mean": 0.4593676178218048,
      "r2_std": 0.5497379798716507,
      "r2_ci_lower": -0.22322224023009074,
      "r2_ci_upper": 1.1419574758737003,
      "rmse_mean": 0.4738701580884806,
      "rmse_std": 0.25465481997376643,
      "mae_mean": 0.34287024631639607,
      "mae_std": 0.20156450213523947,
      "fold_results": [
        {
          "fold": 0,
          "train_size": 50,
          "test_size": 20,
          "r2": 0.6821301237297199,
          "rmse": 0.49114703497973833,
          "mae": 0.3263656805364272,
          "mape": 45.29441945531979
        },
        {
          "fold": 1,
          "train_size": 205,
          "test_size": 20,
          "r2": -0.2507158074481304,
          "rmse": 0.6349075611041622,