{
  "training_start_time": "2025-11-30T18:01:16.172402",
  "data_shapes": {
    "train": [
      343,
      39
    ],
    "val": [
      74,
      39
    ],
    "test": [
      74,
      39
    ]
  },
  "models": {
    "random_forest": {
      "train_metrics": {
        "rmse": 0.12094897654435126,
        "mae": 0.07538106800197888,
        "r2": 0.9840787357241902,
        "mape": 16.52250467493611
      },
      "val_metrics": {
        "rmse": 0.18756038679832976,
        "mae": 0.1250538348607954,
        "r2": 0.9637954442173212,
        "mape": 49.10849404482626
      },
      "training_time": 3.638664960861206,
      "n_estimators": 200,
      "n_features": 39,
      "test_metrics": {
        "rmse": 0.29079666574173735,
        "mae": 0.1995061092275807,
        "r2": 0.9374851691622275,
        "mape": 146.78674890950145
      }
    },
    "xgboost": {
      "train_metrics": {
        "rmse": 0.08544339304134754,
        "mae": 0.060932330607948254,
        "r2": 0.9920543372391423,
        "mape": 10.955291628939941
      },
      "val_metrics": {
        "rmse": 0.12790462848801717,
        "mae": 0.08980224338448192,
        "r2": 0.983163434470656,
        "mape": 28.445676206443
      },
      "training_time": 33.09468984603882,
      "n_estimators": 500,
      "best_iteration": null,
      "n_features": 39,
      "test_metrics": {
        "rmse": 0.17450537711065592,
        "mae": 0.13237066350570004,
        "r2": 0.9774875976355204,
        "mape": 154.34004964572742
      }
    },
    "lstm": {
      "train_metrics": {
        "rmse": 0.19373720473107633,
        "mae": 0.14131514177321994,
        "r2": 0.9591982927073235,
        "mape": 39.511210268412164
      },
      "val_metrics": {
        "rmse": 0.22490834706541177,
        "mae": 0.16928869922079523,
        "r2": 0.9484002399292396,
        "mape": 75.93572862945965
      },
      "training_time": 383.92892241477966,
      "epochs_trained": 100,
      "final_train_loss": 0.16189834475517273,
      "final_val_loss": 0.16713936626911163,
      "n_features": 39,
      "sequence_length": 6,
      "test_metrics": {
        "rmse": 0.2814840721453939,
        "mae": 0.21122022719933095,
        "r2": 0.9399751937210135,
        "mape": 96.38285509588833
      }
    },
    "ensemble": {
      "individual_results": {
        "rf": {
          "rmse": 0.2907966657417373,
          "mae": 0.19950610922758066,
          "r2": 0.9374851691622276,
          "mape": 146.78674890950143
        },
        "xgb": {
          "rmse": 0.17450537711065592,
          "mae": 0.13237066350570004,
          "r2": 0.9774875976355204,
          "mape": 154.34004964572742
        },
        "lstm": {
          "rmse": 0.2814840721453939,
          "mae": 0.21122022719933095,
          "r2": 0.9399751937210135,
          "mape": 96.38285509588833
        },
        "ensemble": {
          "rmse": 0.22676543205863792,
          "mae": 0.15862693774569533,
          "r2": 0.9619847440709769,
          "mape": 159.007491787097
        }
      },
      "ensemble_metrics": {
        "rmse": 0.22676543205863792,
        "mae": 0.15862693774569533,
        "r2": 0.9619847440709769,
        "mape": 159.007491787097
      }
    }
  },
  "training_end_time": "2025-11-30T18:08:31.947946",
  "baselines": {
    "persistence": {
      "r2": -1.2152897266468576,
      "rmse": 1.7310641375390645,
      "mae": 1.2821469564527819
    },
    "mean": {
      "r2": -0.034550203410780966,
      "rmse": 1.1829698544514478,
      "mae": 1.0337596802258995
    },
    "linear": {
      "r2": 0.937658636457436,
      "rmse": 0.2903929315233745,
      "mae": 0.19974059159856883
    }
  },
  "cross_validation": {
    "random_forest": {
      "model_name": "Random Forest",
      "n_splits": 5,
      "r2_mean": 0.956613422182269,
      "r2_std": 0.02905198513664929,
      "r2_ci_lower": 0.9205406181617406,
      "r2_ci_upper": 0.9926862262027973,
      "rmse_mean": 0.19113353709388342,
      "rmse_std": 0.0809864420063106,
      "mae_mean": 0.13919969099667256,
      "mae_std": 0.054632533347657025,
      "fold_results": [
        {
          "fold": 0,
          "train_size": 50,
          "test_size": 20,
          "r2": 0.9241847882988372,
          "rmse": 0.3020862060300422,
          "mae": 0.21999773277509949,
          "mape": 23.659033181279014
        },
        {
          "fold": 1,
          "train_size": 113,
          "test_size": 20,
          "r2": 0.985256098716553,
          "rmse": 0.11199182342316405,
          "mae": 0.08982190744116911,
          "mape": 12.03176896506091
        },
        {
          "fold": 2,
          "train_size": 176,
          "test_size": 20,
          "r2": 0.9269165351270775,
          "rmse": 0.2453980396035522,
          "mae": 0.16147728421424928,
          "mape": 54.97800431728568
        },
        {
          "fold": 3,
          "train_size": 239,
          "test_size": 20,
          "r2": 0.9678052222596584,
          "rmse": 0.1705922648201159,
          "mae": 0.13509219170066006,
          "mape": 35.99131797417156
        },
        {
          "fold": 4,
          "train_size": 302,
          "test_size": 20,
          "r2": 0.9789044665092186,
          "rmse": 0.1255993515925426,
          "mae": 0.08960933885218489,
          "mape": 11.161757610051922
        }
      ],
      "best_fold": 1,
      "worst_fold": 0,
      "timestamp": "2025-11-30T18:08:44.636382"
    },
    "xgboost": {
      "model_name": "XGBoost",
      "n_splits": 5,
      "r2_mean": 0.9706768144389046,
      "r2_std": 0.017989226919596143,
      "r2_ci_lower": 0.9483402390173241,
      "r2_ci_upper": 0.9930133898604852,
      "rmse_mean": 0.15881103179485975,
      "rmse_std": 0.061944909155572714,
      "mae_mean": 0.12070574578239783,
      "mae_std": 0.04570672712288009,
      "fold_results": [
        {
          "fold": 0,
          "train_size": 50,
          "test_size": 20,
          "r2": 0.9469477407014792,
          "rmse": 0.2526996617635651,
          "mae": 0.1922329897639994,
          "mape": 21.59575803562388
        },
        {
          "fold": 1,
          "train_size": 113,
          "test_size": 20,
          "r2": 0.9861751217974377,
          "rmse": 0.10844530773399064,
          "mae": 0.08401757419503832,
          "mape": 10.766112446079715
        },
        {
          "fold": 2,
          "train_size": 176,
          "test_size": 20,
          "r2": 0.9557521644791709,
          "rmse": 0.1909446699943841,
          "mae": 0.13898084256743293,
          "mape": 47.64150984686301
        },
        {
          "fold": 3,
          "train_size": 239,
          "test_size": 20,
          "r2": 0.9818356909504976,
          "rmse": 0.12813744514726477,
          "mae": 0.102800666879586,
          "mape": 19.9300018223129
        },
        {
          "fold": 4,
          "train_size": 302,
          "test_size": 20,
          "r2": 0.9826733542659379,
          "rmse": 0.11382807433509408,
          "mae": 0.08549665550593259,
          "mape": 11.157587432305094
        }
      ],
      "best_fold": 1,
      "worst_fold": 0,
      "timestamp": "2025-11-30T18:09:04.155602"
    }
  },
  "feature_selection": {
    "original_features": 274,
    "selected_features": 39,
    "reduction_pct": 85.76642335766424
  },
  "validation_summary": {
    "random_forest": {
      "status": "fail",
      "checks_passed": 3,
      "checks_failed": 1
    },
    "xgboost": {
      "status": "fail",
      "checks_passed": 3,
      "checks_failed": 1
    },
    "lstm": {
      "status": "fail",
      "checks_passed": 3,
      "checks_failed": 1
    },
    "ensemble": {
      "status": "fail",
      "checks_passed": 3,
      "checks_failed": 1
    }
  }
}