{
  "training_start_time": "2025-11-29T00:43:07.905900",
  "data_shapes": {
    "train": [
      133,
      325
    ],
    "val": [
      29,
      325
    ],
    "test": [
      29,
      325
    ]
  },
  "models": {
    "random_forest": {
      "train_metrics": {
        "rmse": 0.17002129284774412,
        "mae": 0.10997720352518077,
        "r2": 0.9685069429010276,
        "mape": 27.495458951510887
      },
      "val_metrics": {
        "rmse": 0.2950019429564576,
        "mae": 0.19555523727612298,
        "r2": 0.9239720151505574,
        "mape": 27.473579750009016
      },
      "training_time": 0.6713364124298096,
      "n_estimators": 200,
      "n_features": 325,
      "test_metrics": {
        "rmse": 0.2920622367080043,
        "mae": 0.20998809341668337,
        "r2": 0.9282766932756994,
        "mape": 52.251700270392156
      }
    },
    "xgboost": {
      "train_metrics": {
        "rmse": 0.0768775261473213,
        "mae": 0.050683801113517814,
        "r2": 0.9935611695173217,
        "mape": 11.04215729794056
      },
      "val_metrics": {
        "rmse": 0.15553097562926443,
        "mae": 0.11025236310804525,
        "r2": 0.9788671768159088,
        "mape": 17.838739567322378
      },
      "training_time": 2.027132511138916,
      "n_estimators": 500,
      "best_iteration": null,
      "n_features": 325,
      "test_metrics": {
        "rmse": 0.12659810234968452,
        "mae": 0.09112344766554993,
        "r2": 0.9865239106438739,
        "mape": 26.56514948300449
      }
    },
    "lstm": {
      "train_metrics": {
        "rmse": 0.14492465411815564,
        "mae": 0.11059448449251437,
        "r2": 0.9774086573679686,
        "mape": 38.97541766534892
      },
      "val_metrics": {
        "rmse": 0.2886832093413755,
        "mae": 0.20726482248994516,
        "r2": 0.9320459923121984,
        "mape": 38.49510105124654
      },
      "training_time": 32.73823666572571,
      "epochs_trained": 100,
      "final_train_loss": 0.1506371647119522,
      "final_val_loss": 0.19538551568984985,
      "n_features": 325,
      "sequence_length": 6,
      "test_metrics": {
        "rmse": 0.2673695550046095,
        "mae": 0.1779959118305439,
        "r2": 0.9410869223733936,
        "mape": 101.71236872603664
      }
    },
    "ensemble": {
      "individual_results": {
        "rf": {
          "rmse": 0.29206223670800435,
          "mae": 0.20998809341668342,
          "r2": 0.9282766932756994,
          "mape": 52.25170027039218
        },
        "xgb": {
          "rmse": 0.12659810234968452,
          "mae": 0.09112344766554993,
          "r2": 0.9865239106438739,
          "mape": 26.56514948300449
        },
        "lstm": {
          "rmse": 0.2673695550046095,
          "mae": 0.1779959118305439,
          "r2": 0.9410869223733936,
          "mape": 101.71236872603664
        },
        "ensemble": {
          "rmse": 0.1881028674624534,
          "mae": 0.1325231358329587,
          "r2": 0.9702490853264315,
          "mape": 50.28432628974806
        }
      },
      "ensemble_metrics": {
        "rmse": 0.1881028674624534,
        "mae": 0.1325231358329587,
        "r2": 0.9702490853264315,
        "mape": 50.28432628974806
      }
    }
  },
  "training_end_time": "2025-11-29T00:43:46.849655",
  "baselines": {
    "persistence": {
      "r2": -1.0283286388705535,
      "rmse": 1.5531536305486024,
      "mae": 1.330255842053181
    },
    "mean": {
      "r2": -2.1450966255054382e-05,
      "rmse": 1.0905608748647586,
      "mae": 0.9915220627248812
    },
    "linear": {
      "r2": 0.8899692633205928,
      "rmse": 0.36174477353355666,
      "mae": 0.24610006914312196
    }
  },
  "feature_selection": {
    "original_features": 325,
    "selected_features": 325,
    "reduction_pct": 0.0
  },
  "validation_summary": {
    "random_forest": {
      "status": "fail",
      "checks_passed": 1,
      "checks_failed": 3
    },
    "xgboost": {
      "status": "fail",
      "checks_passed": 1,
      "checks_failed": 2
    },
    "lstm": {
      "status": "fail",
      "checks_passed": 1,
      "checks_failed": 2
    },
    "ensemble": {
      "status": "fail",
      "checks_passed": 1,
      "checks_failed": 2
    }
  }
}