{
  "training_start_time": "2025-11-28T09:28:06.892163",
  "data_shapes": {
    "train": [
      133,
      640
    ],
    "val": [
      29,
      640
    ],
    "test": [
      29,
      640
    ]
  },
  "models": {
    "random_forest": {
      "train_metrics": {
        "rmse": 0.10219542891438556,
        "mae": 0.06478076131804379,
        "r2": 0.9886218636571039,
        "mape": 18.94662124078233
      },
      "val_metrics": {
        "rmse": 0.25792737293078055,
        "mae": 0.15986787840332056,
        "r2": 0.9418809380296189,
        "mape": 24.827801822982376
      },
      "training_time": 0.45739221572875977,
      "n_estimators": 200,
      "n_features": 640,
      "test_metrics": {
        "rmse": 0.2275637750853702,
        "mae": 0.15422579664912495,
        "r2": 0.9564572604527042,
        "mape": 41.22517600927321
      }
    },
    "xgboost": {
      "train_metrics": {
        "rmse": 0.0031302176082834616,
        "mae": 0.000895889330142863,
        "r2": 0.9999893252613161,
        "mape": 0.13346419942839072
      },
      "val_metrics": {
        "rmse": 0.16117057617635744,
        "mae": 0.09929809617938547,
        "r2": 0.9773068259649048,
        "mape": 20.043358750015194
      },
      "training_time": 5.981215000152588,
      "n_estimators": 200,
      "best_iteration": null,
      "n_features": 640,
      "test_metrics": {
        "rmse": 0.14050334498176345,
        "mae": 0.09539153557876193,
        "r2": 0.983400965879714,
        "mape": 21.642285442003868
      }
    },
    "lstm": {
      "train_metrics": {
        "rmse": 0.09390094837079854,
        "mae": 0.07630863589684124,
        "r2": 0.9905158709595273,
        "mape": 16.06948517963031
      },
      "val_metrics": {
        "rmse": 0.23842982412724548,
        "mae": 0.1597957912354226,
        "r2": 0.953645363235617,
        "mape": 27.847384196020947
      },
      "training_time": 19.95426845550537,
      "epochs_trained": 37,
      "final_train_loss": 0.01206217147409916,
      "final_val_loss": 0.061358626931905746,
      "n_features": 640,
      "sequence_length": 6,
      "test_metrics": {
        "rmse": 0.23029314642486554,
        "mae": 0.15774017496968604,
        "r2": 0.9562931174113825,
        "mape": 49.31198062951259
      }
    },
    "ensemble": {
      "individual_results": {
        "rf": {
          "rmse": 0.22756377508537023,
          "mae": 0.15422579664912495,
          "r2": 0.9564572604527042,
          "mape": 41.22517600927322
        },
        "xgb": {
          "rmse": 0.14050334498176345,
          "mae": 0.09539153557876193,
          "r2": 0.983400965879714,
          "mape": 21.642285442003868
        },
        "lstm": {
          "rmse": 0.23029314642486554,
          "mae": 0.15774017496968604,
          "r2": 0.9562931174113825,
          "mape": 49.31198062951259
        },
        "ensemble": {
          "rmse": 0.15816158280245335,
          "mae": 0.10146718324982419,
          "r2": 0.9789665024437285,
          "mape": 31.758347500274315
        }
      },
      "ensemble_metrics": {
        "rmse": 0.15816158280245335,
        "mae": 0.10146718324982419,
        "r2": 0.9789665024437285,
        "mape": 31.758347500274315
      }
    }
  },
  "training_end_time": "2025-11-28T09:28:37.440266"
}