{
  "training_start_time": "2025-11-30T19:17:34.110336",
  "data_shapes": {
    "train": [
      343,
      35
    ],
    "val": [
      74,
      35
    ],
    "test": [
      74,
      35
    ]
  },
  "models": {
    "random_forest": {
      "train_metrics": {
        "rmse": 0.1498373271548834,
        "mae": 0.09491667918318127,
        "r2": 0.975564952342177,
        "mape": 24.14901881381743
      },
      "val_metrics": {
        "rmse": 0.24291146303133598,
        "mae": 0.16146923588059728,
        "r2": 0.9392736744817323,
        "mape": 77.16731141408395
      },
      "training_time": 1.3138630390167236,
      "n_estimators": 200,
      "n_features": 35,
      "test_metrics": {
        "rmse": 0.3582961009280636,
        "mae": 0.2511428246280124,
        "r2": 0.905095156082094,
        "mape": 172.1897741649389
      }
    },
    "xgboost": {
      "train_metrics": {
        "rmse": 0.09127643250349869,
        "mae": 0.06414201208364323,
        "r2": 0.9909324393151245,
        "mape": 13.424399304570498
      },
      "val_metrics": {
        "rmse": 0.1993874363151111,
        "mae": 0.13390420761730548,
        "r2": 0.9590855646023027,
        "mape": 63.58139182200281
      },
      "training_time": 3.113157033920288,
      "n_estimators": 500,
      "best_iteration": null,
      "n_features": 35,
      "test_metrics": {
        "rmse": 0.2938059230229019,
        "mae": 0.18803957134399832,
        "r2": 0.9361846274996118,
        "mape": 160.6802616475036
      }
    },
    "lstm": {
      "train_metrics": {
        "rmse": 0.2613381296852359,
        "mae": 0.1825037333537554,
        "r2": 0.9257566030445196,
        "mape": 57.704016761569235
      },
      "val_metrics": {
        "rmse": 0.3007843595114659,
        "mae": 0.21001601604105558,
        "r2": 0.9077116175928295,
        "mape": 111.89134684239662
      },
      "training_time": 326.32377409935,
      "epochs_trained": 100,
      "final_train_loss": 0.18955081701278687,
      "final_val_loss": 0.19215446710586548,
      "n_features": 35,
      "sequence_length": 6,
      "test_metrics": {
        "rmse": 0.3794225504293132,
        "mae": 0.25177650550340974,
        "r2": 0.8909390202991114,
        "mape": 89.61875018436024
      }
    },
    "ensemble": {
      "individual_results": {
        "rf": {
          "rmse": 0.3582961009280635,
          "mae": 0.2511428246280124,
          "r2": 0.905095156082094,
          "mape": 172.1897741649389
        },
        "xgb": {
          "rmse": 0.2938059230229019,
          "mae": 0.18803957134399832,
          "r2": 0.9361846274996118,
          "mape": 160.6802616475036
        },
        "lstm": {
          "rmse": 0.3794225504293132,
          "mae": 0.25177650550340974,
          "r2": 0.8909390202991114,
          "mape": 89.61875018436024
        },
        "ensemble": {
          "rmse": 0.3285036172242289,
          "mae": 0.2173446412682902,
          "r2": 0.9202217460172758,
          "mape": 167.3541072313139
        }
      },
      "ensemble_metrics": {
        "rmse": 0.3285036172242289,
        "mae": 0.2173446412682902,
        "r2": 0.9202217460172758,
        "mape": 167.3541072313139
      }
    }
  },
  "training_end_time": "2025-11-30T19:23:15.320534",
  "baselines": {
    "persistence": {
      "r2": -1.2152897266468576,
      "rmse": 1.7310641375390645,
      "mae": 1.2821469564527819
    },
    "mean": {
      "r2": -0.034550203410780966,
      "rmse": 1.1829698544514478,
      "mae": 1.0337596802258995
    },
    "linear": {
      "r2": 0.8836517658479123,
      "rmse": 0.39671424081840234,
      "mae": 0.3109562568589367
    }
  },
  "cross_validation": {
    "random_forest": {
      "model_name": "Random Forest",
      "n_splits": 5,
      "r2_mean": 0.9362899948376653,
      "r2_std": 0.038383145122039136,
      "r2_ci_lower": 0.8886310254017987,
      "r2_ci_upper": 0.9839489642735318,
      "rmse_mean": 0.23315278459521452,
      "rmse_std": 0.09463545102239915,
      "mae_mean": 0.16633066495123636,
      "mae_std": 0.06787867973900878,
      "fold_results": [
        {
          "fold": 0,
          "train_size": 50,
          "test_size": 20,
          "r2": 0.8910951472238586,
          "rmse": 0.362056488464359,
          "mae": 0.26996073154135536,
          "mape": 30.947148985818284
        },
        {
          "fold": 1,
          "train_size": 113,
          "test_size": 20,
          "r2": 0.9785593193422034,
          "rmse": 0.13505149395201016,
          "mae": 0.0991740441646641,
          "mape": 14.469809967165888
        },
        {
          "fold": 2,
          "train_size": 176,
          "test_size": 20,
          "r2": 0.907807855487827,
          "rmse": 0.2756185751059673,
          "mae": 0.17561235506961337,
          "mape": 78.65275210893682
        },
        {
          "fold": 3,
          "train_size": 239,
          "test_size": 20,
          "r2": 0.9325086986565915,
          "rmse": 0.24699634145179894,
          "mae": 0.17545264567794577,
          "mape": 59.4683736216887
        },
        {
          "fold": 4,
          "train_size": 302,
          "test_size": 20,
          "r2": 0.9714789534778454,
          "rmse": 0.14604102400193725,
          "mae": 0.11145354830260326,
          "mape": 15.26945622781718
        }
      ],
      "best_fold": 1,
      "worst_fold": 0,
      "timestamp": "2025-11-30T19:23:21.181892"
    },
    "xgboost": {
      "model_name": "XGBoost",
      "n_splits": 5,
      "r2_mean": 0.9544124891139936,
      "r2_std": 0.03432424680222854,
      "r2_ci_lower": 0.9117933075942056,
      "r2_ci_upper": 0.9970316706337815,
      "rmse_mean": 0.19300434107294742,
      "rmse_std": 0.09541326542001108,
      "mae_mean": 0.1470184730897413,
      "mae_std": 0.07060525558098,
      "fold_results": [
        {
          "fold": 0,
          "train_size": 50,
          "test_size": 20,
          "r2": 0.9139616686988205,
          "rmse": 0.321809387074712,
          "mae": 0.24984676565008618,
          "mape": 32.03655931634953
        },
        {
          "fold": 1,
          "train_size": 113,
          "test_size": 20,
          "r2": 0.9891858986884479,
          "rmse": 0.09591252524651546,
          "mae": 0.07491448075845225,
          "mape": 11.920533169290524
        },
        {
          "fold": 2,
          "train_size": 176,
          "test_size": 20,
          "r2": 0.9237174096874973,
          "rmse": 0.25071149143338484,
          "mae": 0.16839951630124878,
          "mape": 59.79387139669245
        },
        {
          "fold": 3,
          "train_size": 239,
          "test_size": 20,
          "r2": 0.9611207147461882,
          "rmse": 0.1874673997521714,
          "mae": 0.15526691348913957,
          "mape": 53.091413851106736
        },
        {
          "fold": 4,
          "train_size": 302,
          "test_size": 20,
          "r2": 0.9840767537490136,
          "rmse": 0.10912090185795342,
          "mae": 0.08666468924977988,
          "mape": 12.682797457851589
        }
      ],
      "best_fold": 1,
      "worst_fold": 0,
      "timestamp": "2025-11-30T19:23:26.562216"
    }
  },
  "feature_selection": {
    "original_features": 259,
    "selected_features": 35,
    "reduction_pct": 86.48648648648648
  },
  "validation_summary": {
    "random_forest": {
      "status": "fail",
      "checks_passed": 3,
      "checks_failed": 1
    },
    "xgboost": {
      "status": "warning",
      "checks_passed": 3,
      "checks_failed": 0
    },
    "lstm": {
      "status": "fail",
      "checks_passed": 3,
      "checks_failed": 1
    },
    "ensemble": {
      "status": "fail",
      "checks_passed": 3,
      "checks_failed": 1
    }
  }
}