{
  "training_start_time": "2025-11-30T22:26:57.377702",
  "data_shapes": {
    "train": [
      294,
      31
    ],
    "val": [
      98,
      31
    ],
    "test": [
      75,
      31
    ]
  },
  "models": {
    "random_forest": {
      "train_metrics": {
        "rmse": 0.1671042657466133,
        "mae": 0.1046986271351363,
        "r2": 0.9701447872945332,
        "mape": 25.167667463164634
      },
      "val_metrics": {
        "rmse": 0.26577183212909883,
        "mae": 0.17215084243539433,
        "r2": 0.9228508663943388,
        "mape": 73.02945439342616
      },
      "training_time": 3.0566749572753906,
      "n_estimators": 200,
      "n_features": 31,
      "test_metrics": {
        "rmse": 0.4059034360420979,
        "mae": 0.28266284329353053,
        "r2": 0.8779812666736603,
        "mape": 159.8113849876294
      }
    },
    "xgboost": {
      "train_metrics": {
        "rmse": 0.09925509678937637,
        "mae": 0.07017820713366532,
        "r2": 0.9894670328149466,
        "mape": 15.954411557809173
      },
      "val_metrics": {
        "rmse": 0.21459442873330134,
        "mae": 0.14040229868339263,
        "r2": 0.9497020785763549,
        "mape": 59.93187566315675
      },
      "training_time": 23.35159397125244,
      "n_estimators": 500,
      "best_iteration": null,
      "n_features": 31,
      "test_metrics": {
        "rmse": 0.3657624971627362,
        "mae": 0.22764461179409873,
        "r2": 0.900921504231668,
        "mape": 138.2464620933961
      }
    },
    "lstm": {
      "train_metrics": {
        "rmse": 0.3434346091508195,
        "mae": 0.23761969940100047,
        "r2": 0.874124538241617,
        "mape": 78.71854589801409
      },
      "val_metrics": {
        "rmse": 0.36660224560400134,
        "mae": 0.2612794348845343,
        "r2": 0.8540863025647403,
        "mape": 113.26569629554363
      },
      "training_time": 352.9553527832031,
      "epochs_trained": 91,
      "final_train_loss": 0.23250260949134827,
      "final_val_loss": 0.23547391593456268,
      "n_features": 31,
      "sequence_length": 6,
      "test_metrics": {
        "rmse": 0.49965573548652464,
        "mae": 0.3306889726777511,
        "r2": 0.8091034281890088,
        "mape": 119.34072770289931
      }
    },
    "ensemble": {
      "individual_results": {
        "rf": {
          "rmse": 0.4059034360420979,
          "mae": 0.2826628432935305,
          "r2": 0.8779812666736603,
          "mape": 159.81138498762942
        },
        "xgb": {
          "rmse": 0.3657624971627362,
          "mae": 0.22764461179409873,
          "r2": 0.900921504231668,
          "mape": 138.2464620933961
        },
        "lstm": {
          "rmse": 0.49965573548652464,
          "mae": 0.3306889726777511,
          "r2": 0.8091034281890088,
          "mape": 119.34072770289931
        },
        "ensemble": {
          "rmse": 0.4073560412005648,
          "mae": 0.26504331298733186,
          "r2": 0.8771063679722094,
          "mape": 156.61764063359496
        }
      },
      "ensemble_metrics": {
        "rmse": 0.4073560412005648,
        "mae": 0.26504331298733186,
        "r2": 0.8771063679722094,
        "mape": 156.61764063359496
      }
    }
  },
  "training_end_time": "2025-11-30T22:33:30.464635",
  "baselines": {
    "persistence": {
      "r2": -1.0493156425546166,
      "rmse": 1.6634658868586685,
      "mae": 1.2017288479291253
    },
    "mean": {
      "r2": -0.028186037634114758,
      "rmse": 1.1782713629258226,
      "mae": 1.0317092140839308
    },
    "linear": {
      "r2": 0.8706624523855423,
      "rmse": 0.4178994336346538,
      "mae": 0.3265983361163831
    }
  },
  "cross_validation": {
    "random_forest": {
      "model_name": "Random Forest",
      "n_splits": 5,
      "r2_mean": 0.9296870527138141,
      "r2_std": 0.03687450485333125,
      "r2_ci_lower": 0.8839013075858426,
      "r2_ci_upper": 0.9754727978417856,
      "rmse_mean": 0.24343855453730284,
      "rmse_std": 0.0810677774419964,
      "mae_mean": 0.17620825469900434,
      "mae_std": 0.054643604131135504,
      "fold_results": [
        {
          "fold": 0,
          "train_size": 50,
          "test_size": 20,
          "r2": 0.8954649594282788,
          "rmse": 0.3547183575607065,
          "mae": 0.26291896932522174,
          "mape": 29.864104301783595
        },
        {
          "fold": 1,
          "train_size": 108,
          "test_size": 20,
          "r2": 0.9734953297739073,
          "rmse": 0.16267543105866158,
          "mae": 0.12625320449316052,
          "mape": 16.573755096378402
        },
        {
          "fold": 2,
          "train_size": 166,
          "test_size": 20,
          "r2": 0.8871823973526651,
          "rmse": 0.3001382466891183,
          "mae": 0.19121986993431583,
          "mape": 224.89806859260503
        },
        {
          "fold": 3,
          "train_size": 224,
          "test_size": 20,
          "r2": 0.9458807591047962,
          "rmse": 0.21331848654359228,
          "mae": 0.1638184024094203,
          "mape": 53.23466496119783
        },
        {
          "fold": 4,
          "train_size": 282,
          "test_size": 20,
          "r2": 0.9464118179094229,
          "rmse": 0.18634225083443537,
          "mae": 0.13683082733290333,
          "mape": 22.434896094266218
        }
      ],
      "best_fold": 1,
      "worst_fold": 2,
      "timestamp": "2025-11-30T22:33:38.808005"
    },
    "xgboost": {
      "model_name": "XGBoost",
      "n_splits": 5,
      "r2_mean": 0.9422923624460839,
      "r2_std": 0.028924869933191193,
      "r2_ci_lower": 0.9063773927973139,
      "r2_ci_upper": 0.978207332094854,
      "rmse_mean": 0.2211203380472019,
      "rmse_std": 0.07553870803419874,
      "mae_mean": 0.1612304506629883,
      "mae_std": 0.06106900335330764,
      "fold_results": [
        {
          "fold": 0,
          "train_size": 50,
          "test_size": 20,
          "r2": 0.902765864925044,
          "rmse": 0.3421071070822911,
          "mae": 0.2651073279973344,
          "mape": 34.864136596719774
        },
        {
          "fold": 1,
          "train_size": 108,
          "test_size": 20,
          "r2": 0.9792325651141706,
          "rmse": 0.143996584948001,
          "mae": 0.10487327661976527,
          "mape": 14.803753440079825
        },
        {
          "fold": 2,
          "train_size": 166,
          "test_size": 20,
          "r2": 0.9283896772791034,
          "rmse": 0.2391226545564355,
          "mae": 0.15556344803051375,
          "mape": 63.42404815787237
        },
        {
          "fold": 3,
          "train_size": 224,
          "test_size": 20,
          "r2": 0.9572615062488846,
          "rmse": 0.189566788069092,
          "mae": 0.13565561798215459,
          "mape": 48.59110004492077
        },
        {
          "fold": 4,
          "train_size": 282,
          "test_size": 20,
          "r2": 0.9438121986632174,
          "rmse": 0.19080855558018986,
          "mae": 0.1449525826851735,
          "mape": 25.416328840065788
        }
      ],
      "best_fold": 1,
      "worst_fold": 0,
      "timestamp": "2025-11-30T22:34:54.055074"
    }
  },
  "feature_selection": {
    "original_features": 231,
    "selected_features": 31,
    "reduction_pct": 86.58008658008657
  },
  "validation_summary": {
    "random_forest": {
      "status": "fail",
      "checks_passed": 3,
      "checks_failed": 1
    },
    "xgboost": {
      "status": "fail",
      "checks_passed": 3,
      "checks_failed": 1
    },
    "lstm": {
      "status": "fail",
      "checks_passed": 3,
      "checks_failed": 1
    },
    "ensemble": {
      "status": "fail",
      "checks_passed": 3,
      "checks_failed": 1
    }
  }
}