{
  "training_start_time": "2025-11-30T23:09:19.787669",
  "data_shapes": {
    "train": [
      294,
      53
    ],
    "val": [
      98,
      53
    ],
    "test": [
      75,
      53
    ]
  },
  "models": {
    "random_forest": {
      "train_metrics": {
        "rmse": 0.1664791951353198,
        "mae": 0.10451698830942877,
        "r2": 0.9703677225156101,
        "mape": 25.260903112684808
      },
      "val_metrics": {
        "rmse": 0.27289573598442424,
        "mae": 0.17572135634202388,
        "r2": 0.918659534706803,
        "mape": 71.68796965803416
      },
      "training_time": 3.249574899673462,
      "n_estimators": 200,
      "n_features": 53,
      "test_metrics": {
        "rmse": 0.422683814389098,
        "mae": 0.29272219462149635,
        "r2": 0.8676840215305892,
        "mape": 170.92110487501722
      }
    },
    "xgboost": {
      "train_metrics": {
        "rmse": 0.09584707275240198,
        "mae": 0.0672550601822818,
        "r2": 0.9901779349928908,
        "mape": 15.204812513287205
      },
      "val_metrics": {
        "rmse": 0.22408579415519367,
        "mae": 0.14502518580008616,
        "r2": 0.9451543985272643,
        "mape": 69.77454048158847
      },
      "training_time": 19.061944007873535,
      "n_estimators": 500,
      "best_iteration": null,
      "n_features": 53,
      "test_metrics": {
        "rmse": 0.3724528054909692,
        "mae": 0.2344947652739242,
        "r2": 0.897263786114335,
        "mape": 157.81965510589845
      }
    },
    "lstm": {
      "train_metrics": {
        "rmse": 0.31383322009529874,
        "mae": 0.21101625371739496,
        "r2": 0.894888366424003,
        "mape": 81.78030235534384
      },
      "val_metrics": {
        "rmse": 0.3741642213579347,
        "mae": 0.24426059663207364,
        "r2": 0.8480046386592001,
        "mape": 115.9493624314554
      },
      "training_time": 202.40077137947083,
      "epochs_trained": 85,
      "final_train_loss": 0.23250365257263184,
      "final_val_loss": 0.23499712347984314,
      "n_features": 53,
      "sequence_length": 6,
      "test_metrics": {
        "rmse": 0.506863367003446,
        "mae": 0.33037294611601636,
        "r2": 0.8035562646134325,
        "mape": 151.22607113727645
      }
    },
    "ensemble": {
      "individual_results": {
        "rf": {
          "rmse": 0.42268381438909797,
          "mae": 0.2927221946214964,
          "r2": 0.8676840215305892,
          "mape": 170.92110487501722
        },
        "xgb": {
          "rmse": 0.3724528054909692,
          "mae": 0.2344947652739242,
          "r2": 0.897263786114335,
          "mape": 157.81965510589845
        },
        "lstm": {
          "rmse": 0.506863367003446,
          "mae": 0.33037294611601636,
          "r2": 0.8035562646134325,
          "mape": 151.22607113727645
        },
        "ensemble": {
          "rmse": 0.4119951680936676,
          "mae": 0.2678070715599543,
          "r2": 0.8742913095801788,
          "mape": 185.1315086205508
        }
      },
      "ensemble_metrics": {
        "rmse": 0.4119951680936676,
        "mae": 0.2678070715599543,
        "r2": 0.8742913095801788,
        "mape": 185.1315086205508
      }
    }
  },
  "training_end_time": "2025-11-30T23:13:23.459443",
  "baselines": {
    "persistence": {
      "r2": -1.0493156425546166,
      "rmse": 1.6634658868586685,
      "mae": 1.2017288479291253
    },
    "mean": {
      "r2": -0.028186037634114758,
      "rmse": 1.1782713629258226,
      "mae": 1.0317092140839308
    },
    "linear": {
      "r2": 0.8706624523855423,
      "rmse": 0.4178994336346538,
      "mae": 0.3265983361163831
    }
  },
  "cross_validation": {
    "random_forest": {
      "model_name": "Random Forest",
      "n_splits": 5,
      "r2_mean": 0.9288895299539399,
      "r2_std": 0.03968397000536651,
      "r2_ci_lower": 0.8796153730924782,
      "r2_ci_upper": 0.9781636868154017,
      "rmse_mean": 0.2451155462116828,
      "rmse_std": 0.08892318331455475,
      "mae_mean": 0.17893367858406922,
      "mae_std": 0.06593977608928712,
      "fold_results": [
        {
          "fold": 0,
          "train_size": 50,
          "test_size": 20,
          "r2": 0.8825645750446723,
          "rmse": 0.37596921070364225,
          "mae": 0.286644404044659,
          "mape": 32.23833574450383
        },
        {
          "fold": 1,
          "train_size": 108,
          "test_size": 20,
          "r2": 0.9723833487832974,
          "rmse": 0.16605282603638358,
          "mae": 0.12682213741723417,
          "mape": 15.963672235475986
        },
        {
          "fold": 2,
          "train_size": 166,
          "test_size": 20,
          "r2": 0.8911562203211808,
          "rmse": 0.2948049117769512,
          "mae": 0.19219016800446265,
          "mape": 196.45623823006275
        },
        {
          "fold": 3,
          "train_size": 224,
          "test_size": 20,
          "r2": 0.9464316438698329,
          "rmse": 0.21223001523117527,
          "mae": 0.16076494329695232,
          "mape": 51.89303747282459
        },
        {
          "fold": 4,
          "train_size": 282,
          "test_size": 20,
          "r2": 0.9519118617507157,
          "rmse": 0.17652076731026148,
          "mae": 0.12824674015703788,
          "mape": 20.523235468929453
        }
      ],
      "best_fold": 1,
      "worst_fold": 0,
      "timestamp": "2025-11-30T23:13:31.814505"
    },
    "xgboost": {
      "model_name": "XGBoost",
      "n_splits": 5,
      "r2_mean": 0.9419019539448279,
      "r2_std": 0.030234253647955282,
      "r2_ci_lower": 0.9043611696776009,
      "r2_ci_upper": 0.9794427382120549,
      "rmse_mean": 0.22157811233983632,
      "rmse_std": 0.07729985841103805,
      "mae_mean": 0.1597083476003463,
      "mae_std": 0.06328293703708623,
      "fold_results": [
        {
          "fold": 0,
          "train_size": 50,
          "test_size": 20,
          "r2": 0.9029110274204373,
          "rmse": 0.34185164293819487,
          "mae": 0.268564327219151,
          "mape": 34.39092191880122
        },
        {
          "fold": 1,
          "train_size": 108,
          "test_size": 20,
          "r2": 0.9789190791943914,
          "rmse": 0.145079333601495,
          "mae": 0.10507200968131732,
          "mape": 14.783352439744363
        },
        {
          "fold": 2,
          "train_size": 166,
          "test_size": 20,
          "r2": 0.9209230624578243,
          "rmse": 0.2512799452092136,
          "mae": 0.15296689444148798,
          "mape": 60.982089816997295
        },
        {
          "fold": 3,
          "train_size": 224,
          "test_size": 20,
          "r2": 0.9589619156908233,
          "rmse": 0.18575742633566958,
          "mae": 0.13355778324601852,
          "mape": 42.61234145751377
        },
        {
          "fold": 4,
          "train_size": 282,
          "test_size": 20,
          "r2": 0.9477946849606635,
          "rmse": 0.18392221361460864,
          "mae": 0.13838072341375662,
          "mape": 24.150748172437687
        }
      ],
      "best_fold": 1,
      "worst_fold": 0,
      "timestamp": "2025-11-30T23:13:44.110687"
    }
  },
  "feature_selection": {
    "original_features": 231,
    "selected_features": 53,
    "reduction_pct": 77.05627705627705
  },
  "validation_summary": {
    "random_forest": {
      "status": "fail",
      "checks_passed": 2,
      "checks_failed": 1
    },
    "xgboost": {
      "status": "fail",
      "checks_passed": 3,
      "checks_failed": 1
    },
    "lstm": {
      "status": "fail",
      "checks_passed": 3,
      "checks_failed": 1
    },
    "ensemble": {
      "status": "fail",
      "checks_passed": 3,
      "checks_failed": 1
    }
  }
}