{
  "training_start_time": "2025-11-28T09:38:23.417364",
  "data_shapes": {
    "train": [
      133,
      640
    ],
    "val": [
      29,
      640
    ],
    "test": [
      29,
      640
    ]
  },
  "models": {
    "random_forest": {
      "train_metrics": {
        "rmse": 0.10424214974305271,
        "mae": 0.06786454012258561,
        "r2": 0.9881615482006754,
        "mape": 19.01631841662468
      },
      "val_metrics": {
        "rmse": 0.2414263089332224,
        "mae": 0.15522402988577008,
        "r2": 0.9490794699011138,
        "mape": 22.669965328396398
      },
      "training_time": 0.8488378524780273,
      "n_estimators": 200,
      "n_features": 640,
      "test_metrics": {
        "rmse": 0.21797081463323995,
        "mae": 0.1525541576322171,
        "r2": 0.9600509749459682,
        "mape": 39.09938918642037
      }
    },
    "xgboost": {
      "train_metrics": {
        "rmse": 0.003091122575293409,
        "mae": 0.0008816531404336805,
        "r2": 0.9999895902417002,
        "mape": 0.15200030399048262
      },
      "val_metrics": {
        "rmse": 0.16845481392798486,
        "mae": 0.10374425688361955,
        "r2": 0.9752091978470095,
        "mape": 20.568042865139933
      },
      "training_time": 12.740640878677368,
      "n_estimators": 200,
      "best_iteration": null,
      "n_features": 640,
      "test_metrics": {
        "rmse": 0.14617653854036441,
        "mae": 0.09684017961486793,
        "r2": 0.9820334439143331,
        "mape": 21.084924854685372
      }
    },
    "lstm": {
      "train_metrics": {
        "rmse": 0.09201927175160027,
        "mae": 0.06998449636650941,
        "r2": 0.9908921665340604,
        "mape": 15.379021558908198
      },
      "val_metrics": {
        "rmse": 0.2433812555361484,
        "mae": 0.15940323926738062,
        "r2": 0.9517000946408396,
        "mape": 29.176816808443114
      },
      "training_time": 57.34456205368042,
      "epochs_trained": 47,
      "final_train_loss": 0.01171647384762764,
      "final_val_loss": 0.08294088393449783,
      "n_features": 640,
      "sequence_length": 6,
      "test_metrics": {
        "rmse": 0.23800747197261463,
        "mae": 0.16284289012737138,
        "r2": 0.95331590035732,
        "mape": 70.30896205334564
      }
    },
    "ensemble": {
      "individual_results": {
        "rf": {
          "rmse": 0.21797081463323995,
          "mae": 0.1525541576322171,
          "r2": 0.9600509749459682,
          "mape": 39.09938918642038
        },
        "xgb": {
          "rmse": 0.14617653854036441,
          "mae": 0.09684017961486793,
          "r2": 0.9820334439143331,
          "mape": 21.084924854685372
        },
        "lstm": {
          "rmse": 0.23800747197261463,
          "mae": 0.16284289012737138,
          "r2": 0.95331590035732,
          "mape": 70.30896205334564
        },
        "ensemble": {
          "rmse": 0.1550173850640622,
          "mae": 0.10314130983708952,
          "r2": 0.9797944673507666,
          "mape": 35.81409048706343
        }
      },
      "ensemble_metrics": {
        "rmse": 0.1550173850640622,
        "mae": 0.10314130983708952,
        "r2": 0.9797944673507666,
        "mape": 35.81409048706343
      }
    }
  },
  "training_end_time": "2025-11-28T09:39:48.760304"
}