{
  "training_start_time": "2025-11-30T19:31:33.478627",
  "data_shapes": {
    "train": [
      343,
      33
    ],
    "val": [
      74,
      33
    ],
    "test": [
      74,
      33
    ]
  },
  "models": {
    "random_forest": {
      "train_metrics": {
        "rmse": 0.150671216086615,
        "mae": 0.0940612985799077,
        "r2": 0.9752922190290019,
        "mape": 21.867340175058395
      },
      "val_metrics": {
        "rmse": 0.24593270878201617,
        "mae": 0.16113031082838342,
        "r2": 0.9377536958654946,
        "mape": 76.616914822842
      },
      "training_time": 1.7269713878631592,
      "n_estimators": 200,
      "n_features": 33,
      "test_metrics": {
        "rmse": 0.3699890523512316,
        "mae": 0.2556474443586575,
        "r2": 0.898799662041772,
        "mape": 152.4303713528651
      }
    },
    "xgboost": {
      "train_metrics": {
        "rmse": 0.09122427283726563,
        "mae": 0.06426877092333752,
        "r2": 0.990942799619308,
        "mape": 13.170555184156616
      },
      "val_metrics": {
        "rmse": 0.20015358199475308,
        "mae": 0.13142084920209426,
        "r2": 0.9587705332968404,
        "mape": 64.58247993004342
      },
      "training_time": 2.360138416290283,
      "n_estimators": 500,
      "best_iteration": null,
      "n_features": 33,
      "test_metrics": {
        "rmse": 0.29563886012391766,
        "mae": 0.18891022819273204,
        "r2": 0.9353859068630849,
        "mape": 156.37017417366894
      }
    },
    "lstm": {
      "train_metrics": {
        "rmse": 0.24995364197430903,
        "mae": 0.1732177853960831,
        "r2": 0.9320841382965881,
        "mape": 50.66059860230442
      },
      "val_metrics": {
        "rmse": 0.2786228367919909,
        "mae": 0.19970787513403737,
        "r2": 0.9208100709228615,
        "mape": 90.21849348867225
      },
      "training_time": 228.85049843788147,
      "epochs_trained": 100,
      "final_train_loss": 0.19357943534851074,
      "final_val_loss": 0.17330221831798553,
      "n_features": 33,
      "sequence_length": 6,
      "test_metrics": {
        "rmse": 0.37856108514708126,
        "mae": 0.2576709664868747,
        "r2": 0.8914336961687944,
        "mape": 107.19889676111872
      }
    },
    "ensemble": {
      "individual_results": {
        "rf": {
          "rmse": 0.3699890523512316,
          "mae": 0.2556474443586575,
          "r2": 0.898799662041772,
          "mape": 152.43037135286508
        },
        "xgb": {
          "rmse": 0.29563886012391766,
          "mae": 0.18891022819273204,
          "r2": 0.9353859068630849,
          "mape": 156.37017417366894
        },
        "lstm": {
          "rmse": 0.37856108514708126,
          "mae": 0.2576709664868747,
          "r2": 0.8914336961687944,
          "mape": 107.19889676111872
        },
        "ensemble": {
          "rmse": 0.3320855063113726,
          "mae": 0.21995978169407107,
          "r2": 0.9184725125908147,
          "mape": 164.96994710979507
        }
      },
      "ensemble_metrics": {
        "rmse": 0.3320855063113726,
        "mae": 0.21995978169407107,
        "r2": 0.9184725125908147,
        "mape": 164.96994710979507
      }
    }
  },
  "training_end_time": "2025-11-30T19:35:37.721962",
  "baselines": {
    "persistence": {
      "r2": -1.2152897266468576,
      "rmse": 1.7310641375390645,
      "mae": 1.2821469564527819
    },
    "mean": {
      "r2": -0.034550203410780966,
      "rmse": 1.1829698544514478,
      "mae": 1.0337596802258995
    },
    "linear": {
      "r2": 0.8836517658479123,
      "rmse": 0.39671424081840234,
      "mae": 0.3109562568589367
    }
  },
  "cross_validation": {
    "random_forest": {
      "model_name": "Random Forest",
      "n_splits": 5,
      "r2_mean": 0.93502539165216,
      "r2_std": 0.04387877928256694,
      "r2_ci_lower": 0.8805426911318673,
      "r2_ci_upper": 0.9895080921724527,
      "rmse_mean": 0.23274126199748796,
      "rmse_std": 0.10313693619333432,
      "mae_mean": 0.1643625892528993,
      "mae_std": 0.07246678382084311,
      "fold_results": [
        {
          "fold": 0,
          "train_size": 50,
          "test_size": 20,
          "r2": 0.8880857308966275,
          "rmse": 0.36702483338110836,
          "mae": 0.2730089669655108,
          "mape": 31.45602645898323
        },
        {
          "fold": 1,
          "train_size": 113,
          "test_size": 20,
          "r2": 0.9825531874329758,
          "rmse": 0.12182548703142734,
          "mae": 0.09131976266682734,
          "mape": 12.835629730736281
        },
        {
          "fold": 2,
          "train_size": 176,
          "test_size": 20,
          "r2": 0.8924516211517727,
          "rmse": 0.29768946026462256,
          "mae": 0.18770795987582134,
          "mape": 86.14144332214619
        },
        {
          "fold": 3,
          "train_size": 239,
          "test_size": 20,
          "r2": 0.9395069521095759,
          "rmse": 0.2338402963342591,
          "mae": 0.16303022412776705,
          "mape": 58.088633328454186
        },
        {
          "fold": 4,
          "train_size": 302,
          "test_size": 20,
          "r2": 0.972529466669848,
          "rmse": 0.14332623297602223,
          "mae": 0.10674603262856992,
          "mape": 13.927088979443031
        }
      ],
      "best_fold": 1,
      "worst_fold": 0,
      "timestamp": "2025-11-30T19:35:45.579276"
    },
    "xgboost": {
      "model_name": "XGBoost",
      "n_splits": 5,
      "r2_mean": 0.9529034414185569,
      "r2_std": 0.03510529290255268,
      "r2_ci_lower": 0.909314463075059,
      "r2_ci_upper": 0.9964924197620547,
      "rmse_mean": 0.19663811721798521,
      "rmse_std": 0.09580106315431763,
      "mae_mean": 0.14973301027250593,
      "mae_std": 0.07171887492807963,
      "fold_results": [
        {
          "fold": 0,
          "train_size": 50,
          "test_size": 20,
          "r2": 0.9111015229172229,
          "rmse": 0.3271145631700658,
          "mae": 0.2551361619488444,
          "mape": 33.60200104621308
        },
        {
          "fold": 1,
          "train_size": 113,
          "test_size": 20,
          "r2": 0.9878048998037783,
          "rmse": 0.10185275836178741,
          "mae": 0.07723387704565508,
          "mape": 12.527969336426642
        },
        {
          "fold": 2,
          "train_size": 176,
          "test_size": 20,
          "r2": 0.921789720921523,
          "rmse": 0.25385951283142333,
          "mae": 0.170509625779484,
          "mape": 59.06064600310602
        },
        {
          "fold": 3,
          "train_size": 239,
          "test_size": 20,
          "r2": 0.9602184060784285,
          "rmse": 0.189630290068786,
          "mae": 0.1570684624804919,
          "mape": 53.3500509565938
        },
        {
          "fold": 4,
          "train_size": 302,
          "test_size": 20,
          "r2": 0.9836026573718323,
          "rmse": 0.1107334616578634,
          "mae": 0.08871692410805435,
          "mape": 13.130228629216095
        }
      ],
      "best_fold": 1,
      "worst_fold": 0,
      "timestamp": "2025-11-30T19:36:05.820535"
    }
  },
  "feature_selection": {
    "original_features": 257,
    "selected_features": 33,
    "reduction_pct": 87.15953307392996
  },
  "validation_summary": {
    "random_forest": {
      "status": "fail",
      "checks_passed": 3,
      "checks_failed": 1
    },
    "xgboost": {
      "status": "warning",
      "checks_passed": 3,
      "checks_failed": 0
    },
    "lstm": {
      "status": "fail",
      "checks_passed": 3,
      "checks_failed": 1
    },
    "ensemble": {
      "status": "fail",
      "checks_passed": 3,
      "checks_failed": 1
    }
  }
}