{
  "training_start_time": "2025-11-30T19:46:48.396615",
  "data_shapes": {
    "train": [
      343,
      33
    ],
    "val": [
      74,
      33
    ],
    "test": [
      74,
      33
    ]
  },
  "models": {
    "random_forest": {
      "train_metrics": {
        "rmse": 0.14980951162870146,
        "mae": 0.0936203514305497,
        "r2": 0.9755740236548346,
        "mape": 21.67984577690406
      },
      "val_metrics": {
        "rmse": 0.2394546137927881,
        "mae": 0.15970207604724132,
        "r2": 0.940989757054203,
        "mape": 78.49187194636772
      },
      "training_time": 2.252153158187866,
      "n_estimators": 200,
      "n_features": 33,
      "test_metrics": {
        "rmse": 0.3635044658210473,
        "mae": 0.25438674157957114,
        "r2": 0.9023159366562078,
        "mape": 158.4886601673919
      }
    },
    "xgboost": {
      "train_metrics": {
        "rmse": 0.09183789801979,
        "mae": 0.06417498248479443,
        "r2": 0.9908205422805145,
        "mape": 13.417790127837225
      },
      "val_metrics": {
        "rmse": 0.20256829276943325,
        "mae": 0.1327870923837941,
        "r2": 0.9577697240167277,
        "mape": 67.68571928090242
      },
      "training_time": 4.716845750808716,
      "n_estimators": 500,
      "best_iteration": null,
      "n_features": 33,
      "test_metrics": {
        "rmse": 0.3017172604455574,
        "mae": 0.19284270492999384,
        "r2": 0.9327016329412564,
        "mape": 157.47591362127667
      }
    },
    "lstm": {
      "train_metrics": {
        "rmse": 0.26671290375654844,
        "mae": 0.18989008155035883,
        "r2": 0.9226713670643277,
        "mape": 59.32289978394213
      },
      "val_metrics": {
        "rmse": 0.28767681335370276,
        "mae": 0.20497061182594925,
        "r2": 0.9155798239849564,
        "mape": 105.78503671679374
      },
      "training_time": 270.12958884239197,
      "epochs_trained": 99,
      "final_train_loss": 0.19857946038246155,
      "final_val_loss": 0.18158254027366638,
      "n_features": 33,
      "sequence_length": 6,
      "test_metrics": {
        "rmse": 0.36914397180482056,
        "mae": 0.2514715814454277,
        "r2": 0.8967679199609324,
        "mape": 79.23991496250281
      }
    },
    "ensemble": {
      "individual_results": {
        "rf": {
          "rmse": 0.3635044658210473,
          "mae": 0.25438674157957114,
          "r2": 0.9023159366562078,
          "mape": 158.48866016739194
        },
        "xgb": {
          "rmse": 0.3017172604455574,
          "mae": 0.19284270492999384,
          "r2": 0.9327016329412564,
          "mape": 157.47591362127667
        },
        "lstm": {
          "rmse": 0.36914397180482056,
          "mae": 0.2514715814454277,
          "r2": 0.8967679199609324,
          "mape": 79.23991496250281
        },
        "ensemble": {
          "rmse": 0.33036204734190167,
          "mae": 0.21823697324126745,
          "r2": 0.9193165402216552,
          "mape": 161.21932901270432
        }
      },
      "ensemble_metrics": {
        "rmse": 0.33036204734190167,
        "mae": 0.21823697324126745,
        "r2": 0.9193165402216552,
        "mape": 161.21932901270432
      }
    }
  },
  "training_end_time": "2025-11-30T19:51:38.587324",
  "baselines": {
    "persistence": {
      "r2": -1.2152897266468576,
      "rmse": 1.7310641375390645,
      "mae": 1.2821469564527819
    },
    "mean": {
      "r2": -0.034550203410780966,
      "rmse": 1.1829698544514478,
      "mae": 1.0337596802258995
    },
    "linear": {
      "r2": 0.8836517658479123,
      "rmse": 0.39671424081840234,
      "mae": 0.3109562568589367
    }
  },
  "cross_validation": {
    "random_forest": {
      "model_name": "Random Forest",
      "n_splits": 5,
      "r2_mean": 0.9357287955090102,
      "r2_std": 0.042830395167743174,
      "r2_ci_lower": 0.882547835800383,
      "r2_ci_upper": 0.9889097552176375,
      "rmse_mean": 0.23160827298095885,
      "rmse_std": 0.09967939720554077,
      "mae_mean": 0.16432905649198695,
      "mae_std": 0.06851614936907383,
      "fold_results": [
        {
          "fold": 0,
          "train_size": 50,
          "test_size": 20,
          "r2": 0.8946287752627916,
          "rmse": 0.35613424203917077,
          "mae": 0.26790309797840894,
          "mape": 30.64580810882216
        },
        {
          "fold": 1,
          "train_size": 113,
          "test_size": 20,
          "r2": 0.9818533868692962,
          "rmse": 0.12424470774368268,
          "mae": 0.09773016362562663,
          "mape": 14.235821406683142
        },
        {
          "fold": 2,
          "train_size": 176,
          "test_size": 20,
          "r2": 0.8893561067865731,
          "rmse": 0.3019431968784192,
          "mae": 0.1871495071646115,
          "mape": 84.87842880066407
        },
        {
          "fold": 3,
          "train_size": 239,
          "test_size": 20,
          "r2": 0.9403432507333843,
          "rmse": 0.23221828414763676,
          "mae": 0.15998831536494035,
          "mape": 54.68384101236431
        },
        {
          "fold": 4,
          "train_size": 302,
          "test_size": 20,
          "r2": 0.9724624578930061,
          "rmse": 0.1435009340958849,
          "mae": 0.10887419832634723,
          "mape": 15.359572818368564
        }
      ],
      "best_fold": 1,
      "worst_fold": 2,
      "timestamp": "2025-11-30T19:51:45.528041"
    },
    "xgboost": {
      "model_name": "XGBoost",
      "n_splits": 5,
      "r2_mean": 0.954458145899897,
      "r2_std": 0.03451542929607294,
      "r2_ci_lower": 0.9116015799604157,
      "r2_ci_upper": 0.9973147118393783,
      "rmse_mean": 0.19281985867034385,
      "rmse_std": 0.09558652531460421,
      "mae_mean": 0.14626602782387405,
      "mae_std": 0.07090537618436239,
      "fold_results": [
        {
          "fold": 0,
          "train_size": 50,
          "test_size": 20,
          "r2": 0.9141494898970046,
          "rmse": 0.321457941118678,
          "mae": 0.24919043590279677,
          "mape": 32.82331599099514
        },
        {
          "fold": 1,
          "train_size": 113,
          "test_size": 20,
          "r2": 0.9887022042690325,
          "rmse": 0.09803405519640324,
          "mae": 0.0742734924085377,
          "mape": 12.120356543140986
        },
        {
          "fold": 2,
          "train_size": 176,
          "test_size": 20,
          "r2": 0.9229679715176059,
          "rmse": 0.2519400386394979,
          "mae": 0.1678610702920897,
          "mape": 57.69681146786364
        },
        {
          "fold": 3,
          "train_size": 239,
          "test_size": 20,
          "r2": 0.9615949859068775,
          "rmse": 0.186320475473958,
          "mae": 0.15527328252483058,
          "mape": 51.08934581656748
        },
        {
          "fold": 4,
          "train_size": 302,
          "test_size": 20,
          "r2": 0.984876077908964,
          "rmse": 0.10634678292318218,
          "mae": 0.08473185799111553,
          "mape": 12.112528628084588
        }
      ],
      "best_fold": 1,
      "worst_fold": 0,
      "timestamp": "2025-11-30T19:51:55.407946"
    }
  },
  "feature_selection": {
    "original_features": 255,
    "selected_features": 33,
    "reduction_pct": 87.05882352941177
  },
  "validation_summary": {
    "random_forest": {
      "status": "fail",
      "checks_passed": 3,
      "checks_failed": 1
    },
    "xgboost": {
      "status": "fail",
      "checks_passed": 3,
      "checks_failed": 1
    },
    "lstm": {
      "status": "fail",
      "checks_passed": 3,
      "checks_failed": 1
    },
    "ensemble": {
      "status": "fail",
      "checks_passed": 3,
      "checks_failed": 1
    }
  }
}