{
  "training_start_time": "2026-02-23T14:07:47.422713",
  "data_shapes": {
    "train": [
      1122,
      77
    ],
    "val": [
      372,
      77
    ],
    "test": [
      378,
      77
    ]
  },
  "models": {
    "random_forest": {
      "train_metrics": {
        "rmse": 0.2547298258363193,
        "mae": 0.1463979309195938,
        "r2": 0.9232921306695254,
        "mape": 565.9402702823437
      },
      "val_metrics": {
        "rmse": 0.5317846008976218,
        "mae": 0.30700144390786704,
        "r2": 0.7759714598244787,
        "mape": 97.58424008411481
      },
      "training_time": 2.7587432861328125,
      "n_estimators": 200,
      "n_features": 77,
      "test_metrics": {
        "rmse": 0.4991478167872101,
        "mae": 0.2955092861630565,
        "r2": 0.7851361290446142,
        "mape": 86.31853228294297
      }
    },
    "xgboost": {
      "train_metrics": {
        "rmse": 0.1736467497282143,
        "mae": 0.11121911082199136,
        "r2": 0.9643537671344405,
        "mape": 429.37723501809256
      },
      "val_metrics": {
        "rmse": 0.483280276695091,
        "mae": 0.26203407559616093,
        "r2": 0.8149751855355283,
        "mape": 142.19687613916764
      },
      "training_time": 10.080888748168945,
      "n_estimators": 500,
      "best_iteration": null,
      "n_features": 77,
      "test_metrics": {
        "rmse": 0.43109577780646313,
        "mae": 0.24807476798968023,
        "r2": 0.839729872451969,
        "mape": 73.26786442630635
      }
    },
    "lstm": {
      "train_metrics": {
        "rmse": 0.34477494198911074,
        "mae": 0.2218914069799015,
        "r2": 0.8597388621002542,
        "mape": 1093.40164141772
      },
      "val_metrics": {
        "rmse": 0.5283524035724257,
        "mae": 0.3275198419478995,
        "r2": 0.7806840638175663,
        "mape": 121.01083216837935
      },
      "training_time": 241.01527190208435,
      "epochs_trained": 91,
      "final_train_loss": 0.26211050152778625,
      "final_val_loss": 0.3866662085056305,
      "n_features": 77,
      "sequence_length": 6,
      "test_metrics": {
        "rmse": 0.47240630506759285,
        "mae": 0.29882706167517525,
        "r2": 0.8093449536045245,
        "mape": 116.64281727169197
      }
    },
    "ensemble": {
      "individual_results": {
        "rf": {
          "rmse": 0.4991478167872101,
          "mae": 0.2955092861630565,
          "r2": 0.7851361290446142,
          "mape": 86.31853228294297
        },
        "xgb": {
          "rmse": 0.43109577780646313,
          "mae": 0.24807476798968023,
          "r2": 0.839729872451969,
          "mape": 73.26786442630635
        },
        "lstm": {
          "rmse": 0.47240630506759285,
          "mae": 0.29882706167517525,
          "r2": 0.8093449536045245,
          "mape": 116.64281727169197
        },
        "ensemble": {
          "rmse": 0.4424996343106994,
          "mae": 0.2642891086811592,
          "r2": 0.8311384092893106,
          "mape": 85.9725390161829
        }
      },
      "ensemble_metrics": {
        "rmse": 0.4424996343106994,
        "mae": 0.2642891086811592,
        "r2": 0.8311384092893106,
        "mape": 85.9725390161829
      }
    }
  },
  "training_end_time": "2026-02-23T14:12:10.887246",
  "baselines": {
    "persistence": {
      "r2": -0.8803330526431277,
      "rmse": 1.476606813872889,
      "mae": 1.0171376441243225
    },
    "mean": {
      "r2": -0.02495310943096518,
      "rmse": 1.0901831788568919,
      "mae": 0.8367397918775102
    },
    "linear": {
      "r2": 0.6729005130842478,
      "rmse": 0.6158676744573438,
      "mae": 0.41972311737836515
    }
  },
  "cross_validation": {
    "random_forest": {
      "model_name": "Random Forest",
      "n_splits": 5,
      "r2_mean": 0.7882401529590176,
      "r2_std": 0.09227239990067303,
      "r2_ci_lower": 0.6736688359744911,
      "r2_ci_upper": 0.9028114699435441,
      "rmse_mean": 0.4262141311783469,
      "rmse_std": 0.10954288211187428,
      "mae_mean": 0.2771237779202422,
      "mae_std": 0.08987219513475043,
      "fold_results": [
        {
          "fold": 0,
          "train_size": 50,
          "test_size": 20,
          "r2": 0.728914061728224,
          "rmse": 0.43694065625760337,
          "mae": 0.2189600939361945,
          "mape": 22.776458948963807
        },
        {
          "fold": 1,
          "train_size": 242,
          "test_size": 20,
          "r2": 0.6852159935064102,
          "rmse": 0.5949950870078101,
          "mae": 0.42816466947669485,
          "mape": 152.9675142773608
        },
        {
          "fold": 2,
          "train_size": 434,
          "test_size": 20,
          "r2": 0.7770253954110989,
          "rmse": 0.436441636681734,
          "mae": 0.29231086948011364,
          "mape": 52.067985061953024
        },
        {
          "fold": 3,
          "train_size": 626,
          "test_size": 20,
          "r2": 0.9236798444885146,
          "rmse": 0.35676531507494513,
          "mae": 0.21850432778255885,
          "mape": 78.59144099452638
        },
        {
          "fold": 4,
          "train_size": 818,
          "test_size": 20,
          "r2": 0.8263654696608402,
          "rmse": 0.3059279608696415,
          "mae": 0.22767892892564906,
          "mape": 77.45781342265914
        }
      ],
      "best_fold": 3,
      "worst_fold": 1,
      "timestamp": "2026-02-23T14:12:20.049277"
    },
    "xgboost": {
      "model_name": "XGBoost",
      "n_splits": 5,
      "r2_mean": 0.8464856408788431,
      "r2_std": 0.05046382596735592,
      "r2_ci_lower": 0.783826524963557,
      "r2_ci_upper": 0.9091447567941293,
      "rmse_mean": 0.3706543120684948,
      "rmse_std": 0.06969640697276541,
      "mae_mean": 0.2354177766188393,
      "mae_std": 0.034429730633259104,
      "fold_results": [
        {
          "fold": 0,
          "train_size": 50,
          "test_size": 20,
          "r2": 0.7928210249624947,
          "rmse": 0.3819810352913651,
          "mae": 0.24617759522519336,
          "mape": 46.212237245056734
        },
        {
          "fold": 1,
          "train_size": 242,
          "test_size": 20,
          "r2": 0.8504850295598441,
          "rmse": 0.41006187201748356,
          "mae": 0.25584826984735487,
          "mape": 57.077031776011566
        },
        {
          "fold": 2,
          "train_size": 434,
          "test_size": 20,
          "r2": 0.798312760266785,
          "rmse": 0.4150856176038449,
          "mae": 0.23638329180026596,
          "mape": 77.55419130778787
        },
        {
          "fold": 3,
          "train_size": 626,
          "test_size": 20,
          "r2": 0.9049893365209277,
          "rmse": 0.39806058555475027,
          "mae": 0.26229632846106943,
          "mape": 82.47572658876251
        },
        {
          "fold": 4,
          "train_size": 818,
          "test_size": 20,
          "r2": 0.8858200530841648,
          "rmse": 0.24808244987503028,
          "mae": 0.1763833977603128,
          "mape": 65.8735631912908
        }
      ],
      "best_fold": 3,
      "worst_fold": 0,
      "timestamp": "2026-02-23T14:12:37.233191"
    },
    "lstm": {
      "model_name": "LSTM",
      "n_splits": 5,
      "r2_mean": 0.7372667317036611,
      "r2_std": 0.20115912591082447,
      "r2_ci_lower": 0.48749468715005184,
      "r2_ci_upper": 0.9870387762572703,
      "rmse_mean": 0.4642668841943731,
      "rmse_std": 0.2132022291751081,
      "mae_mean": 0.3088344726571318,
      "mae_std": 0.1368230043706417,
      "fold_results": [
        {
          "fold": 0,
          "train_size": 50,
          "test_size": 20,
          "r2": 0.5018262474169983,
          "rmse": 0.6292202467868051,
          "mae": 0.3901439811897968,
          "mape": 54.006699166180525
        },
        {
          "fold": 1,
          "train_size": 242,
          "test_size": 20,
          "r2": 0.5618655121334797,
          "rmse": 0.7515855027641843,