{
  "training_start_time": "2025-11-17T00:59:51.270696",
  "data_shapes": {
    "train": [
      50,
      639
    ],
    "val": [
      11,
      639
    ],
    "test": [
      11,
      639
    ]
  },
  "models": {
    "random_forest": {
      "train_metrics": {
        "rmse": 0.17231922190869878,
        "mae": 0.12524936299918948,
        "r2": 0.9705167051203335,
        "mape": 21.04951968392657
      },
      "val_metrics": {
        "rmse": 0.2785397504732214,
        "mae": 0.2318219338334503,
        "r2": 0.9008929423047616,
        "mape": 31.217004654546127
      },
      "training_time": 0.3299236297607422,
      "n_estimators": 200,
      "n_features": 639,
      "test_metrics": {
        "rmse": 0.39423428588210907,
        "mae": 0.36250483991548454,
        "r2": 0.8506316688586483,
        "mape": 173.18482239736676
      }
    },
    "xgboost": {
      "train_metrics": {
        "rmse": 0.004581865557666555,
        "mae": 0.0014355930125529714,
        "r2": 0.9999791554151513,
        "mape": 0.11152483630138789
      },
      "val_metrics": {
        "rmse": 0.13830819276235673,
        "mae": 0.08380266321243438,
        "r2": 0.9755642298363356,
        "mape": 14.151944483649997
      },
      "training_time": 1.1488423347473145,
      "n_estimators": 200,
      "best_iteration": null,
      "n_features": 639,
      "test_metrics": {
        "rmse": 0.41094523063166133,
        "mae": 0.2810859101987359,
        "r2": 0.8377003307456292,
        "mape": 119.43162484715637
      }
    },
    "lstm": {
      "train_metrics": {
        "rmse": 0.4681508703526383,
        "mae": 0.35663592831801133,
        "r2": 0.7742641804379707,
        "mape": 61.22308715808303
      },
      "val_metrics": {
        "rmse": 0.5073292576335904,
        "mae": 0.47848809138554055,
        "r2": 0.6974631476426133,
        "mape": 101.98414572226082
      },
      "training_time": 8.720180749893188,
      "epochs_trained": 12,
      "final_train_loss": 0.069578617811203,
      "final_val_loss": 0.29408589005470276,
      "n_features": 639,
      "sequence_length": 6,
      "test_metrics": {
        "rmse": 0.7957933553570582,
        "mae": 0.7253666914328122,
        "r2": 0.4685880294441379,
        "mape": 76.38358168680844
      }
    },
    "ensemble": {
      "individual_results": {
        "rf": {
          "rmse": 0.39423428588210907,
          "mae": 0.36250483991548454,
          "r2": 0.8506316688586483,
          "mape": 173.18482239736676
        },
        "xgb": {
          "rmse": 0.41094523063166133,
          "mae": 0.2810859101987359,
          "r2": 0.8377003307456292,
          "mape": 119.43162484715637
        },
        "lstm": {
          "rmse": 0.7957933553570582,
          "mae": 0.7253666914328122,
          "r2": 0.4685880294441379,
          "mape": 76.38358168680844
        },
        "ensemble": {
          "rmse": 0.421038124114917,
          "mae": 0.38805137885515534,
          "r2": 0.8296302092450016,
          "mape": 150.63788270109484
        }
      },
      "ensemble_metrics": {
        "rmse": 0.421038124114917,
        "mae": 0.38805137885515534,
        "r2": 0.8296302092450016,
        "mape": 150.63788270109484
      }
    }
  },
  "training_end_time": "2025-11-17T01:00:04.257778"
}