{
  "evaluation_date": "2025-11-17T01:17:38.222568",
  "models": {
    "rf": {
      "r2_score": 0.8506316688586483,
      "rmse": 0.39423428588210907,
      "mae": 0.36250483991548454,
      "mape": 173.18482239736676
    },
    "xgb": {
      "r2_score": 0.8377003307456292,
      "rmse": 0.41094523063166133,
      "mae": 0.2810859101987359,
      "mape": 119.43162484715637
    },
    "lstm": {
      "r2_score": 0.4685880216765844,
      "rmse": 0.7957933611730426,
      "mae": 0.7253666926745757,
      "mape": 76.38358232522849
    },
    "ensemble": {
      "r2_score": 0.8296302087503643,
      "rmse": 0.42103812472612023,
      "mae": 0.388051379058353,
      "mape": 150.63788280556355
    }
  },
  "best_model": "rf",
  "target_achieved": false
}