target,season,n_samples,r2_score,rmse,mae,mape
rainfall_mm,Short Rains,12,0.988046247883267,7.731936986709904,6.162452487073122,7.387475091571432
rainfall_mm,Long Rains,10,0.969380045225699,10.804759155133256,9.330049665404033,11.957262769113914
rainfall_mm,Dry Season,22,0.9801363626005414,11.152449162159458,7.0212345269251015,23.13062220836288
