target,season,n_samples,r2_score,rmse,mae,mape
rainfall,Short Rains,12,0.8314664159940103,19.620255546072077,16.28531023153813,12.65858594866749
rainfall,Long Rains,12,0.8388947788528175,13.030194559304368,10.106120205002156,10.11573855953986
rainfall,Dry Season,24,0.7806422776517237,20.424098937693717,16.469513798150018,17.224957047505836
