{
  "training_start_time": "2026-03-05T10:31:51.946319",
  "data_shapes": {
    "train": [
      1122,
      83
    ],
    "val": [
      372,
      83
    ],
    "test": [
      240,
      83
    ]
  },
  "models": {
    "random_forest": {
      "train_metrics": {
        "rmse": 0.24298462292721767,
        "mae": 0.1357196693703425,
        "r2": 0.9300970471052349,
        "mape": 57.79168364652685
      },
      "val_metrics": {
        "rmse": 0.5307919287844863,
        "mae": 0.30760175223103425,
        "r2": 0.7657705111007882,
        "mape": 77.6470489711033
      },
      "training_time": 2.018756151199341,
      "n_estimators": 200,
      "n_features": 83,
      "test_metrics": {
        "rmse": 0.5131103532982249,
        "mae": 0.3201302579989701,
        "r2": 0.7814295365863642,
        "mape": 66.78359501747413
      }
    },
    "xgboost": {
      "train_metrics": {
        "rmse": 0.16276700352885903,
        "mae": 0.10262529397080773,
        "r2": 0.9686331665696157,
        "mape": 39.23141903667988
      },
      "val_metrics": {
        "rmse": 0.4317619997494285,
        "mae": 0.253582790539972,
        "r2": 0.845017813698344,
        "mape": 108.39258573788521
      },
      "training_time": 12.064064502716064,
      "n_estimators": 500,
      "best_iteration": null,
      "n_features": 83,
      "test_metrics": {
        "rmse": 0.4008064775025117,
        "mae": 0.2518431266650707,
        "r2": 0.8666357641639608,
        "mape": 74.60163558084967
      }
    },
    "lstm": {
      "train_metrics": {
        "rmse": 0.334654953595573,
        "mae": 0.22023723211486781,
        "r2": 0.8676517802314218,
        "mape": 124.68530173970733
      },
      "val_metrics": {
        "rmse": 0.4936268129700336,
        "mae": 0.3022438950913474,
        "r2": 0.7990478799202254,
        "mape": 108.46633360718343
      },
      "training_time": 319.38168382644653,
      "epochs_trained": 100,
      "final_train_loss": 0.2440846711397171,
      "final_val_loss": 0.37280526757240295,
      "n_features": 83,
      "sequence_length": 6,
      "test_metrics": {
        "rmse": 0.5102978614253493,
        "mae": 0.3286041259982079,
        "r2": 0.7865704699408195,
        "mape": 94.01987182510459
      }
    },
    "ensemble": {
      "individual_results": {
        "rf": {
          "rmse": 0.5131103532982249,
          "mae": 0.32013025799897016,
          "r2": 0.7814295365863642,
          "mape": 66.78359501747413
        },
        "xgb": {
          "rmse": 0.4008064775025117,
          "mae": 0.2518431266650707,
          "r2": 0.8666357641639608,
          "mape": 74.60163558084967
        },
        "lstm": {
          "rmse": 0.5102978614253493,
          "mae": 0.3286041259982079,
          "r2": 0.7865704699408195,
          "mape": 94.01987182510459
        },
        "ensemble": {
          "rmse": 0.43874338529558415,
          "mae": 0.2784388024256351,
          "r2": 0.8401947358278921,
          "mape": 74.79284357807042
        }
      },
      "ensemble_metrics": {
        "rmse": 0.43874338529558415,
        "mae": 0.2784388024256351,
        "r2": 0.8401947358278921,
        "mape": 74.79284357807042
      }
    }
  },
  "training_end_time": "2026-03-05T10:37:35.528630",
  "cross_validation": {
    "randomforest": {
      "r2_mean": 0.856640678293474,
      "r2_std": 0.05752813139292089,
      "r2_ci_lower": 0.7852100686589483,
      "r2_ci_upper": 0.9280712879279998,
      "rmse_mean": 0.3382614599609589,
      "rmse_std": 0.0938821318459478,
      "mae_mean": 0.19219351353802255,
      "mae_std": 0.05444126435992426,
      "n_splits": 5
    },
    "xgboost": {
      "r2_mean": 0.8395876248833994,
      "r2_std": 0.060317635318499783,
      "r2_ci_lower": 0.7646933886516343,
      "r2_ci_upper": 0.9144818611151646,
      "rmse_mean": 0.36164851981574603,
      "rmse_std": 0.1025763454113345,
      "mae_mean": 0.2053078523301727,
      "mae_std": 0.05374556298285594,
      "n_splits": 5
    }
  },
  "feature_selection": {
    "selected_features": 83,
    "original_features": 245
  }
}