{
  "training_start_time": "2025-12-29T22:36:22.827699",
  "data_shapes": {
    "train": [
      1122,
      84
    ],
    "val": [
      372,
      84
    ],
    "test": [
      378,
      84
    ]
  },
  "models": {
    "random_forest": {
      "train_metrics": {
        "rmse": 0.11047757082110296,
        "mae": 0.05772285806081246,
        "r2": 0.9855558417327623,
        "mape": 31.636848803994194
      },
      "val_metrics": {
        "rmse": 0.2798162999714051,
        "mae": 0.14870051238221924,
        "r2": 0.9379071581510555,
        "mape": 46.10247466218204
      },
      "training_time": 2.230511426925659,
      "n_estimators": 200,
      "n_features": 84,
      "test_metrics": {
        "rmse": 0.26176903539863555,
        "mae": 0.14124138323300733,
        "r2": 0.9408956297075439,
        "mape": 28.386138037893744
      }
    },
    "xgboost": {
      "train_metrics": {
        "rmse": 0.07279313160953703,
        "mae": 0.0505317408932995,
        "r2": 0.9937291731033518,
        "mape": 54.34356031249479
      },
      "val_metrics": {
        "rmse": 0.18906781034654732,
        "mae": 0.11130156177110553,
        "r2": 0.9716514593479145,
        "mape": 26.851629402545584
      },
      "training_time": 14.497469186782837,
      "n_estimators": 500,
      "best_iteration": null,
      "n_features": 84,
      "test_metrics": {
        "rmse": 0.17890019889962275,
        "mae": 0.10252757279663356,
        "r2": 0.9723939229260595,
        "mape": 19.250075954572303
      }
    },
    "lstm": {
      "train_metrics": {
        "rmse": 0.15491323738660892,
        "mae": 0.10187956921072638,
        "r2": 0.9716530255150873,
        "mape": 140.6368686423194
      },
      "val_metrics": {
        "rmse": 0.23433119752697487,
        "mae": 0.14733866308674157,
        "r2": 0.9568136279205963,
        "mape": 50.15052376080422
      },
      "training_time": 250.29412961006165,
      "epochs_trained": 81,
      "final_train_loss": 0.13107618689537048,
      "final_val_loss": 0.13743838667869568,
      "n_features": 84,
      "sequence_length": 6,
      "test_metrics": {
        "rmse": 0.2384996583337584,
        "mae": 0.16083873398087858,
        "r2": 0.9513968535418985,
        "mape": 39.42746744596946
      }
    },
    "ensemble": {
      "individual_results": {
        "rf": {
          "rmse": 0.26176903539863555,
          "mae": 0.14124138323300733,
          "r2": 0.9408956297075439,
          "mape": 28.386138037893748
        },
        "xgb": {
          "rmse": 0.17890019889962275,
          "mae": 0.10252757279663356,
          "r2": 0.9723939229260595,
          "mape": 19.250075954572303
        },
        "lstm": {
          "rmse": 0.2384996583337584,
          "mae": 0.16083873398087858,
          "r2": 0.9513968535418985,
          "mape": 39.42746744596946
        },
        "ensemble": {
          "rmse": 0.20073426387893997,
          "mae": 0.1184531452948531,
          "r2": 0.9652442976861785,
          "mape": 23.150200570383518
        }
      },
      "ensemble_metrics": {
        "rmse": 0.20073426387893997,
        "mae": 0.1184531452948531,
        "r2": 0.9652442976861785,
        "mape": 23.150200570383518
      }
    }
  },
  "training_end_time": "2025-12-29T22:41:07.945732"
}