{
  "training_start_time": "2025-12-29T23:09:13.046281",
  "data_shapes": {
    "train": [
      1122,
      84
    ],
    "val": [
      372,
      84
    ],
    "test": [
      378,
      84
    ]
  },
  "models": {
    "random_forest": {
      "train_metrics": {
        "rmse": 0.11047757082110297,
        "mae": 0.057722858060812475,
        "r2": 0.9855558417327623,
        "mape": 31.636848803994194
      },
      "val_metrics": {
        "rmse": 0.2798162999714051,
        "mae": 0.1487005123822192,
        "r2": 0.9379071581510555,
        "mape": 46.10247466218204
      },
      "training_time": 0.6309530735015869,
      "n_estimators": 200,
      "n_features": 84,
      "test_metrics": {
        "rmse": 0.2617690353986356,
        "mae": 0.14124138323300733,
        "r2": 0.9408956297075439,
        "mape": 28.386138037893748
      }
    },
    "xgboost": {
      "train_metrics": {
        "rmse": 0.07279313160953703,
        "mae": 0.0505317408932995,
        "r2": 0.9937291731033518,
        "mape": 54.34356031249479
      },
      "val_metrics": {
        "rmse": 0.18906781034654732,
        "mae": 0.11130156177110553,
        "r2": 0.9716514593479145,
        "mape": 26.851629402545584
      },
      "training_time": 2.3549981117248535,
      "n_estimators": 500,
      "best_iteration": null,
      "n_features": 84,
      "test_metrics": {
        "rmse": 0.17890019889962275,
        "mae": 0.10252757279663356,
        "r2": 0.9723939229260595,
        "mape": 19.250075954572303
      }
    },
    "lstm": {
      "train_metrics": {
        "rmse": 0.14927799831514763,
        "mae": 0.09750428839855992,
        "r2": 0.9736778561151459,
        "mape": 185.00062536068282
      },
      "val_metrics": {
        "rmse": 0.24136196940617097,
        "mae": 0.14804761427966345,
        "r2": 0.9541832604903961,
        "mape": 49.4646392214545
      },
      "training_time": 215.8414387702942,
      "epochs_trained": 90,
      "final_train_loss": 0.12444247305393219,
      "final_val_loss": 0.12954933941364288,
      "n_features": 84,
      "sequence_length": 6,
      "test_metrics": {
        "rmse": 0.23064629174887866,
        "mae": 0.14721608599417663,
        "r2": 0.9545449838814878,
        "mape": 36.59921630325371
      }
    },
    "ensemble": {
      "individual_results": {
        "rf": {
          "rmse": 0.26176903539863555,
          "mae": 0.14124138323300733,
          "r2": 0.9408956297075439,
          "mape": 28.386138037893744
        },
        "xgb": {
          "rmse": 0.17890019889962275,
          "mae": 0.10252757279663356,
          "r2": 0.9723939229260595,
          "mape": 19.250075954572303
        },
        "lstm": {
          "rmse": 0.23064629174887866,
          "mae": 0.14721608599417663,
          "r2": 0.9545449838814878,
          "mape": 36.59921630325371
        },
        "ensemble": {
          "rmse": 0.1999124323097502,
          "mae": 0.1151187831582343,
          "r2": 0.965528303633772,
          "mape": 22.504694325587277
        }
      },
      "ensemble_metrics": {
        "rmse": 0.1999124323097502,
        "mae": 0.1151187831582343,
        "r2": 0.965528303633772,
        "mape": 22.504694325587277
      }
    }
  },
  "training_end_time": "2025-12-29T23:13:00.895437"
}