{
  "training_start_time": "2025-12-31T14:00:39.297349",
  "data_shapes": {
    "train": [
      1122,
      88
    ],
    "val": [
      372,
      88
    ],
    "test": [
      378,
      88
    ]
  },
  "models": {
    "random_forest": {
      "train_metrics": {
        "rmse": 0.23413913222228883,
        "mae": 0.14481593462880513,
        "r2": 0.9351228125033939,
        "mape": 215.052387612707
      },
      "val_metrics": {
        "rmse": 0.47838564621907215,
        "mae": 0.3044531068625611,
        "r2": 0.8185103770155631,
        "mape": 133.55091545263284
      },
      "training_time": 1.2348723411560059,
      "n_estimators": 200,
      "n_features": 88,
      "test_metrics": {
        "rmse": 0.4693599150953005,
        "mae": 0.3258258247770848,
        "r2": 0.8099818687654053,
        "mape": 113.06461968378876
      }
    },
    "xgboost": {
      "train_metrics": {
        "rmse": 0.1762149988258807,
        "mae": 0.1208020271375883,
        "r2": 0.9632523350291223,
        "mape": 102.62271433719079
      },
      "val_metrics": {
        "rmse": 0.44810346859867595,
        "mae": 0.2828436151179678,
        "r2": 0.8407600146093568,
        "mape": 160.37814792368889
      },
      "training_time": 2.7139618396759033,
      "n_estimators": 500,
      "best_iteration": null,
      "n_features": 88,
      "test_metrics": {
        "rmse": 0.45379541173437243,
        "mae": 0.30573781383885823,
        "r2": 0.8223753438191348,
        "mape": 123.11269138915168
      }
    },
    "lstm": {
      "train_metrics": {
        "rmse": 0.2868854894637384,
        "mae": 0.1921720671272705,
        "r2": 0.9027819697151176,
        "mape": 310.9437116820533
      },
      "val_metrics": {
        "rmse": 0.4203864630561805,
        "mae": 0.2738154739100616,
        "r2": 0.8610098755328023,
        "mape": 106.26219499984583
      },
      "training_time": 217.6038589477539,
      "epochs_trained": 77,
      "final_train_loss": 0.22381088137626648,
      "final_val_loss": 0.29618850350379944,
      "n_features": 88,
      "sequence_length": 6,
      "test_metrics": {
        "rmse": 0.42757386380081486,
        "mae": 0.2901056150309572,
        "r2": 0.8437891614749384,
        "mape": 91.50253403537548
      }
    },
    "ensemble": {
      "individual_results": {
        "rf": {
          "rmse": 0.4693599150953005,
          "mae": 0.3258258247770848,
          "r2": 0.8099818687654053,
          "mape": 113.06461968378876
        },
        "xgb": {
          "rmse": 0.45379541173437243,
          "mae": 0.30573781383885823,
          "r2": 0.8223753438191348,
          "mape": 123.11269138915168
        },
        "lstm": {
          "rmse": 0.42757386380081486,
          "mae": 0.2901056150309572,
          "r2": 0.8437891614749384,
          "mape": 91.50253403537548
        },
        "ensemble": {
          "rmse": 0.42563535145582343,
          "mae": 0.29430537720448646,
          "r2": 0.8437361816524753,
          "mape": 108.34808333793289
        }
      },
      "ensemble_metrics": {
        "rmse": 0.42563535145582343,
        "mae": 0.29430537720448646,
        "r2": 0.8437361816524753,
        "mape": 108.34808333793289
      }
    }
  },
  "training_end_time": "2025-12-31T14:04:26.791985"
}