{
  "training_start_time": "2026-03-04T22:28:58.790026",
  "data_shapes": {
    "train": [
      1122,
      84
    ],
    "val": [
      372,
      84
    ],
    "test": [
      240,
      84
    ]
  },
  "models": {
    "random_forest": {
      "train_metrics": {
        "rmse": 0.23207717422515722,
        "mae": 0.14396842698905035,
        "r2": 0.9362319999284098,
        "mape": 65.68102232782125
      },
      "val_metrics": {
        "rmse": 0.49131539304548716,
        "mae": 0.32594721320797126,
        "r2": 0.7993155641915182,
        "mape": 128.1703616669758
      },
      "training_time": 1.2832427024841309,
      "n_estimators": 200,
      "n_features": 84,
      "test_metrics": {
        "rmse": 0.5058335362324774,
        "mae": 0.34621355845963486,
        "r2": 0.7875850126102443,
        "mape": 98.936146299299
      }
    },
    "xgboost": {
      "train_metrics": {
        "rmse": 0.17568667538240448,
        "mae": 0.12040161343105417,
        "r2": 0.9634560414241846,
        "mape": 65.42941190218356
      },
      "val_metrics": {
        "rmse": 0.45862003623470254,
        "mae": 0.2958120846602331,
        "r2": 0.8251365677140533,
        "mape": 155.28430592012344
      },
      "training_time": 6.337637901306152,
      "n_estimators": 500,
      "best_iteration": null,
      "n_features": 84,
      "test_metrics": {
        "rmse": 0.48983869871773966,
        "mae": 0.3231780004585073,
        "r2": 0.8008060686750402,
        "mape": 108.05348189650013
      }
    },
    "lstm": {
      "train_metrics": {
        "rmse": 0.30608090912566865,
        "mae": 0.20752820880471104,
        "r2": 0.8892876489280144,
        "mape": 87.13523230402687
      },
      "val_metrics": {
        "rmse": 0.4315227007739351,
        "mae": 0.298988662406736,
        "r2": 0.8464314076950807,
        "mape": 116.63870529114651
      },
      "training_time": 112.61664938926697,
      "epochs_trained": 47,
      "final_train_loss": 0.2633519470691681,
      "final_val_loss": 0.31737759709358215,
      "n_features": 84,
      "sequence_length": 6,
      "test_metrics": {
        "rmse": 0.4923260053921742,
        "mae": 0.32731383431813815,
        "r2": 0.8013390241349789,
        "mape": 72.64230001580572
      }
    },
    "ensemble": {
      "individual_results": {
        "rf": {
          "rmse": 0.5058335362324774,
          "mae": 0.3462135584596349,
          "r2": 0.7875850126102443,
          "mape": 98.93614629929903
        },
        "xgb": {
          "rmse": 0.48983869871773966,
          "mae": 0.3231780004585073,
          "r2": 0.8008060686750402,
          "mape": 108.05348189650013
        },
        "lstm": {
          "rmse": 0.4923260053921742,
          "mae": 0.32731383431813815,
          "r2": 0.8013390241349789,
          "mape": 72.64230001580572
        },
        "ensemble": {
          "rmse": 0.4619720599193205,
          "mae": 0.315465704871664,
          "r2": 0.822825450150007,
          "mape": 95.00449254776281
        }
      },
      "ensemble_metrics": {
        "rmse": 0.4619720599193205,
        "mae": 0.315465704871664,
        "r2": 0.822825450150007,
        "mape": 95.00449254776281
      }
    }
  },
  "training_end_time": "2026-03-04T22:31:07.536027"
}