{
  "training_start_time": "2025-12-29T22:16:38.827411",
  "data_shapes": {
    "train": [
      1122,
      84
    ],
    "val": [
      372,
      84
    ],
    "test": [
      378,
      84
    ]
  },
  "models": {
    "random_forest": {
      "train_metrics": {
        "rmse": 0.11047757082110297,
        "mae": 0.057722858060812475,
        "r2": 0.9855558417327623,
        "mape": 31.636848803994194
      },
      "val_metrics": {
        "rmse": 0.27981629997140506,
        "mae": 0.1487005123822192,
        "r2": 0.9379071581510555,
        "mape": 46.10247466218204
      },
      "training_time": 0.5521988868713379,
      "n_estimators": 200,
      "n_features": 84,
      "test_metrics": {
        "rmse": 0.26176903539863555,
        "mae": 0.14124138323300733,
        "r2": 0.9408956297075439,
        "mape": 28.386138037893744
      }
    },
    "xgboost": {
      "train_metrics": {
        "rmse": 0.07279313160953703,
        "mae": 0.0505317408932995,
        "r2": 0.9937291731033518,
        "mape": 54.34356031249479
      },
      "val_metrics": {
        "rmse": 0.18906781034654732,
        "mae": 0.11130156177110553,
        "r2": 0.9716514593479145,
        "mape": 26.851629402545584
      },
      "training_time": 2.1896138191223145,
      "n_estimators": 500,
      "best_iteration": null,
      "n_features": 84,
      "test_metrics": {
        "rmse": 0.17890019889962275,
        "mae": 0.10252757279663356,
        "r2": 0.9723939229260595,
        "mape": 19.250075954572303
      }
    },
    "lstm": {
      "train_metrics": {
        "rmse": 0.1557247785079024,
        "mae": 0.10609288978959597,
        "r2": 0.9713552460213567,
        "mape": 154.0877577217695
      },
      "val_metrics": {
        "rmse": 0.239547339752072,
        "mae": 0.14452023619347945,
        "r2": 0.95486959792322,
        "mape": 54.78093974118573
      },
      "training_time": 295.24955105781555,
      "epochs_trained": 82,
      "final_train_loss": 0.13263767957687378,
      "final_val_loss": 0.14797793328762054,
      "n_features": 84,
      "sequence_length": 6,
      "test_metrics": {
        "rmse": 0.24197967230759973,
        "mae": 0.15857583305823425,
        "r2": 0.9499681419755123,
        "mape": 42.977803681951784
      }
    },
    "ensemble": {
      "individual_results": {
        "rf": {
          "rmse": 0.26176903539863555,
          "mae": 0.14124138323300733,
          "r2": 0.9408956297075439,
          "mape": 28.386138037893744
        },
        "xgb": {
          "rmse": 0.17890019889962275,
          "mae": 0.10252757279663356,
          "r2": 0.9723939229260595,
          "mape": 19.250075954572303
        },
        "lstm": {
          "rmse": 0.24197967230759973,
          "mae": 0.15857583305823425,
          "r2": 0.9499681419755123,
          "mape": 42.977803681951784
        },
        "ensemble": {
          "rmse": 0.19797218005403158,
          "mae": 0.11440010934487929,
          "r2": 0.9661941873430518,
          "mape": 23.489083993672825
        }
      },
      "ensemble_metrics": {
        "rmse": 0.19797218005403158,
        "mae": 0.11440010934487929,
        "r2": 0.9661941873430518,
        "mape": 23.489083993672825
      }
    }
  },
  "training_end_time": "2025-12-29T22:21:43.910751"
}